id,event,kickoff_time,finished,team_h,team_a,team_h_difficulty,team_a_difficulty,xg_home,xg_away,cs_prob_home,cs_prob_away,att_diff_home,att_diff_away,def_diff_home,def_diff_away,model_diff_home,model_diff_away,blend_diff_home,blend_diff_away
1,1,2026-08-21T19:00:00Z,True,1,7,2,5,1.702,1.015,0.362,0.182,2,5,1,4,2,4,2,4
4,1,2026-08-22T11:30:00Z,True,11,16,4,2,1.261,1.562,0.21,0.283,4,3,3,2,4,2,4,2
3,1,2026-08-22T14:00:00Z,True,9,8,3,3,1.615,1.522,0.218,0.199,3,3,3,3,3,3,3,3
5,1,2026-08-22T14:00:00Z,True,12,20,2,2,1.599,1.451,0.234,0.202,3,3,3,3,3,3,2,2
6,1,2026-08-22T14:00:00Z,True,18,13,2,3,1.296,1.267,0.282,0.274,4,4,2,2,3,3,2,3
2,1,2026-08-22T16:30:00Z,True,4,19,3,3,2.182,1.207,0.299,0.113,1,5,1,5,1,5,2,4
7,1,2026-08-23T13:00:00Z,True,5,2,3,3,2.005,1.38,0.252,0.135,1,4,2,5,2,4,2,4
8,1,2026-08-23T13:00:00Z,True,15,3,3,5,1.803,1.502,0.223,0.165,2,3,3,4,2,4,2,4
9,1,2026-08-23T15:30:00Z,True,17,14,4,3,1.281,1.773,0.17,0.278,4,2,4,2,4,2,4,2
10,1,2026-08-24T19:00:00Z,True,10,6,4,3,1.885,1.531,0.216,0.152,1,3,3,5,2,4,3,4
11,2,2026-08-28T19:00:00Z,True,8,15,4,3,1.16,1.669,0.188,0.314,5,2,4,1,4,2,4,2
14,2,2026-08-29T11:30:00Z,True,14,18,3,4,1.465,1.715,0.18,0.231,3,2,4,3,4,2,4,3
12,2,2026-08-29T14:00:00Z,True,3,9,3,3,1.525,1.455,0.233,0.218,3,3,3,3,3,3,3,3
13,2,2026-08-29T14:00:00Z,True,7,11,2,2,1.38,1.486,0.226,0.252,4,3,3,2,4,2,3,2
15,2,2026-08-29T16:30:00Z,True,19,17,2,3,1.412,1.191,0.304,0.244,3,5,1,3,2,4,2,4
16,2,2026-08-30T13:00:00Z,True,6,5,2,4,1.804,1.644,0.193,0.165,2,2,4,4,3,3,2,4
17,2,2026-08-30T13:00:00Z,True,13,4,3,3,1.579,1.321,0.267,0.206,3,4,2,3,2,4,2,4
19,2,2026-08-30T13:00:00Z,True,20,10,2,3,1.658,1.326,0.265,0.19,2,4,2,4,2,4,2,4
18,2,2026-08-30T15:30:00Z,True,16,12,2,4,2.342,1.611,0.2,0.096,1,3,3,5,2,4,2,4
20,2,2026-08-31T19:00:00Z,True,2,1,4,4,1.185,1.56,0.21,0.306,5,3,3,1,4,2,4,3
21,3,2026-09-04T19:00:00Z,True,12,14,4,2,1.31,1.389,0.249,0.27,4,4,2,2,3,3,4,2
27,3,2026-09-05T11:30:00Z,True,17,3,3,3,1.423,1.538,0.215,0.241,3,3,3,3,3,3,3,3
22,3,2026-09-05T14:00:00Z,True,4,20,2,3,2.084,1.505,0.222,0.124,1,3,3,5,2,4,2,4
23,3,2026-09-05T14:00:00Z,True,5,13,2,3,1.8,1.514,0.22,0.165,2,3,3,4,2,4,2,4
24,3,2026-09-05T14:00:00Z,True,10,8,3,3,1.828,1.717,0.18,0.161,1,2,4,5,2,4,2,4
26,3,2026-09-05T14:00:00Z,True,15,7,2,5,1.885,1.364,0.256,0.152,1,4,2,5,2,4,2,4
28,3,2026-09-05T14:00:00Z,True,18,19,3,3,1.504,1.118,0.327,0.222,3,5,1,3,2,4,2,4
25,3,2026-09-05T16:30:00Z,True,11,2,3,2,1.484,1.477,0.228,0.227,3,3,3,3,3,3,3,2
30,3,2026-09-06T13:00:00Z,True,9,16,4,3,1.404,1.424,0.241,0.246,3,3,3,3,3,3,4,3
29,3,2026-09-06T15:30:00Z,True,1,6,4,5,1.812,1.123,0.325,0.163,2,5,1,4,2,4,3,4
31,4,2026-09-12T14:00:00Z,True,2,18,3,4,1.242,1.76,0.172,0.289,5,2,4,1,4,2,4,3
32,4,2026-09-12T14:00:00Z,True,3,4,3,3,1.57,1.36,0.257,0.208,3,4,2,3,2,4,2,4
33,4,2026-09-12T14:00:00Z,True,6,11,2,4,1.529,1.4,0.247,0.217,3,3,3,3,3,3,2,4
34,4,2026-09-12T14:00:00Z,True,8,12,2,3,1.598,1.707,0.181,0.202,3,2,4,3,4,2,3,2
35,4,2026-09-12T14:00:00Z,True,14,10,2,4,1.555,1.345,0.261,0.211,3,4,2,3,2,4,2,4
37,4,2026-09-12T16:30:00Z,True,19,9,3,3,1.373,1.345,0.26,0.253,4,4,2,2,3,3,3,3
36,4,2026-09-12T19:00:00Z,True,20,1,4,3,1.491,1.499,0.223,0.225,3,3,3,3,3,3,4,3
38,4,2026-09-13T13:00:00Z,True,7,5,2,2,1.627,1.745,0.175,0.196,3,2,4,3,4,2,3,2
39,4,2026-09-13T15:30:00Z,True,16,15,4,4,1.7,1.576,0.207,0.183,2,3,3,4,2,4,3,4
40,4,2026-09-14T19:00:00Z,True,13,17,2,3,1.577,1.252,0.286,0.207,3,5,1,3,2,4,2,4
41,5,2026-09-18T19:00:00Z,True,4,6,4,3,2.111,1.255,0.285,0.121,1,5,1,5,1,5,2,4
48,5,2026-09-19T11:30:00Z,True,19,2,3,3,1.529,1.236,0.291,0.217,3,5,1,3,2,4,2,4
42,5,2026-09-19T14:00:00Z,True,5,1,4,3,1.677,1.508,0.221,0.187,2,3,3,4,2,4,3,4
43,5,2026-09-19T14:00:00Z,True,9,12,2,3,1.841,1.541,0.214,0.159,1,3,3,5,2,4,2,4
46,5,2026-09-19T14:00:00Z,True,17,11,2,3,1.336,1.572,0.208,0.263,4,3,3,2,4,2,3,2
47,5,2026-09-19T16:30:00Z,True,18,7,2,3,1.367,1.051,0.35,0.255,4,5,1,2,2,4,2,4
44,5,2026-09-20T13:00:00Z,True,13,8,3,3,1.671,1.466,0.231,0.188,2,3,3,4,2,4,2,4
45,5,2026-09-20T13:00:00Z,True,15,20,2,5,1.981,1.809,0.164,0.138,1,2,4,5,2,4,2,4
49,5,2026-09-20T13:00:00Z,True,3,14,4,3,1.385,1.544,0.213,0.25,4,3,3,2,4,2,4,2
50,5,2026-09-20T15:30:00Z,True,10,16,4,3,1.589,1.607,0.2,0.204,3,3,3,3,3,3,4,3
51,6,2026-10-10T11:30:00Z,False,1,13,2,5,1.613,1.224,0.294,0.199,3,5,1,3,2,4,2,4
52,6,2026-10-10T14:00:00Z,False,2,4,3,4,1.309,1.452,0.234,0.27,4,3,3,2,4,2,4,3
53,6,2026-10-10T14:00:00Z,False,6,3,3,4,1.63,1.37,0.254,0.196,2,4,2,4,2,4,2,4
57,6,2026-10-10T14:00:00Z,False,12,10,2,2,1.495,1.163,0.313,0.224,3,5,1,3,2,4,2,3
60,6,2026-10-10T14:00:00Z,False,20,5,2,3,1.787,1.649,0.192,0.167,2,2,4,4,3,3,2,3
59,6,2026-10-10T16:30:00Z,False,16,19,3,4,2.189,1.364,0.256,0.112,1,4,2,5,2,4,2,4
55,6,2026-10-11T13:00:00Z,False,8,18,3,3,1.257,1.841,0.159,0.285,5,1,5,1,5,1,4,2
56,6,2026-10-11T13:00:00Z,False,11,9,3,2,1.332,1.609,0.2,0.264,4,3,3,2,4,2,4,2
58,6,2026-10-11T15:30:00Z,False,14,15,4,4,1.352,1.555,0.211,0.259,4,3,3,2,4,2,4,3
54,6,2026-10-12T19:00:00Z,False,7,17,2,2,1.498,1.398,0.247,0.224,3,3,3,3,3,3,2,2
64,7,2026-10-17T11:30:00Z,False,9,6,4,3,1.665,1.356,0.258,0.189,2,4,2,4,2,4,3,4
62,7,2026-10-17T14:00:00Z,False,4,14,4,3,1.708,1.441,0.237,0.181,2,3,3,4,2,4,3,4
65,7,2026-10-17T14:00:00Z,False,10,11,2,3,1.589,1.557,0.211,0.204,3,3,3,3,3,3,2,3
67,7,2026-10-17T14:00:00Z,False,15,12,2,5,2.219,1.713,0.18,0.109,1,2,4,5,2,4,2,4
68,7,2026-10-17T16:30:00Z,False,17,2,3,3,1.571,1.535,0.216,0.208,3,3,3,3,3,3,3,3
61,7,2026-10-18T13:00:00Z,False,3,20,2,3,1.69,1.613,0.199,0.184,2,3,3,4,2,4,2,4
63,7,2026-10-18T13:00:00Z,False,5,8,3,3,1.961,1.558,0.211,0.141,1,3,3,5,2,4,2,4
66,7,2026-10-18T13:00:00Z,False,13,16,4,3,1.452,1.373,0.253,0.234,3,4,2,3,2,4,3,4
69,7,2026-10-18T15:30:00Z,False,18,1,4,3,1.207,1.262,0.283,0.299,5,4,2,1,4,2,4,2
70,7,2026-10-19T19:00:00Z,False,19,7,2,3,1.448,1.125,0.325,0.235,3,5,1,3,2,4,2,4
77,8,2026-10-23T19:00:00Z,False,12,18,3,2,1.408,1.483,0.227,0.245,3,3,3,3,3,3,3,2
72,8,2026-10-24T11:30:00Z,False,2,15,4,4,1.146,1.596,0.203,0.318,5,3,3,1,4,2,4,3
71,8,2026-10-24T14:00:00Z,False,1,9,3,5,1.613,1.214,0.297,0.199,3,5,1,3,2,4,2,4
74,8,2026-10-24T14:00:00Z,False,7,10,2,2,1.51,1.403,0.246,0.221,3,3,3,3,3,3,2,2
73,8,2026-10-24T16:30:00Z,False,6,19,3,4,1.874,1.324,0.266,0.153,1,4,2,5,2,4,2,4
75,8,2026-10-25T14:00:00Z,False,8,17,2,3,1.323,1.439,0.237,0.266,4,3,3,2,4,2,3,2
76,8,2026-10-25T14:00:00Z,False,11,4,3,2,1.371,1.503,0.222,0.254,4,3,3,2,4,2,4,2
78,8,2026-10-25T14:00:00Z,False,14,5,2,4,1.676,1.673,0.188,0.187,2,2,4,4,3,3,2,4
79,8,2026-10-25T14:00:00Z,False,16,3,3,4,1.903,1.412,0.244,0.149,1,3,3,5,2,4,2,4
80,8,2026-10-25T16:30:00Z,False,20,13,2,3,1.6,1.505,0.222,0.202,3,3,3,3,3,3,2,3
84,9,2026-10-31T12:30:00Z,False,6,16,4,4,1.529,1.445,0.236,0.217,3,3,3,3,3,3,4,4
82,9,2026-10-31T15:00:00Z,False,3,13,2,3,1.525,1.467,0.231,0.218,3,3,3,3,3,3,2,3
83,9,2026-10-31T15:00:00Z,False,4,18,3,3,1.836,1.538,0.215,0.159,1,3,3,5,2,4,2,4
85,9,2026-10-31T15:00:00Z,False,7,20,2,2,1.615,1.751,0.174,0.199,3,2,4,3,4,2,3,2
86,9,2026-10-31T15:00:00Z,False,11,12,2,2,1.654,1.689,0.185,0.191,2,2,4,4,3,3,2,2
88,9,2026-10-31T15:00:00Z,False,15,5,2,5,1.995,1.802,0.165,0.136,1,2,4,5,2,4,2,4
90,9,2026-10-31T17:30:00Z,False,19,8,3,3,1.495,1.395,0.248,0.224,3,3,3,3,3,3,3,3
81,9,2026-10-31T20:00:00Z,False,2,10,2,4,1.318,1.38,0.252,0.268,4,4,2,2,3,3,2,4
87,9,2026-11-01T16:30:00Z,False,14,1,4,4,1.398,1.52,0.219,0.247,3,3,3,3,3,3,4,4
89,9,2026-11-02T20:00:00Z,False,17,9,3,3,1.41,1.671,0.188,0.244,3,2,4,3,4,2,4,2
94,10,2026-11-06T20:00:00Z,False,9,7,2,3,1.564,1.226,0.293,0.209,3,5,1,3,2,4,2,4
97,10,2026-11-07T12:30:00Z,False,13,19,3,3,1.78,1.257,0.284,0.169,2,5,1,4,2,4,2,4
91,10,2026-11-07T15:00:00Z,False,1,11,2,5,1.528,1.142,0.319,0.217,3,5,1,3,2,4,2,4
95,10,2026-11-07T15:00:00Z,False,10,17,2,3,1.726,1.466,0.231,0.178,2,3,3,4,2,4,2,4
99,10,2026-11-07T17:30:00Z,False,18,15,4,3,1.168,1.291,0.275,0.311,5,4,2,1,4,2,4,2
92,10,2026-11-08T14:00:00Z,False,5,4,3,3,1.853,1.404,0.246,0.157,1,3,3,5,2,4,2,4
93,10,2026-11-08T14:00:00Z,False,8,14,4,3,1.169,1.725,0.178,0.311,5,2,4,1,4,2,4,2
96,10,2026-11-08T14:00:00Z,False,12,3,3,2,1.455,1.205,0.3,0.233,3,5,1,3,2,4,2,3
100,10,2026-11-08T14:00:00Z,False,20,6,4,3,1.797,1.38,0.252,0.166,2,4,2,4,2,4,3,4
98,10,2026-11-08T16:30:00Z,False,16,2,3,4,2.101,1.409,0.244,0.122,1,3,3,5,2,4,2,4
108,11,2026-11-21T12:30:00Z,False,15,10,2,5,1.852,1.449,0.235,0.157,1,3,3,5,2,4,2,4
101,11,2026-11-21T15:00:00Z,False,2,20,2,4,1.41,1.723,0.179,0.244,3,2,4,3,4,2,3,3
102,11,2026-11-21T15:00:00Z,False,3,18,3,3,1.489,1.648,0.192,0.226,3,2,4,3,4,2,4,2
104,11,2026-11-21T15:00:00Z,False,6,13,2,4,1.615,1.5,0.223,0.199,3,3,3,3,3,3,2,4
105,11,2026-11-21T15:00:00Z,False,7,8,3,2,1.587,1.638,0.194,0.204,3,2,4,3,4,2,4,2
110,11,2026-11-21T15:00:00Z,False,19,12,2,3,1.705,1.413,0.243,0.182,2,3,3,4,2,4,2,4
109,11,2026-11-21T17:30:00Z,False,17,1,4,3,1.314,1.678,0.187,0.269,4,2,4,2,4,2,4,2
106,11,2026-11-22T14:00:00Z,False,11,5,2,2,1.488,1.777,0.169,0.226,3,2,4,3,4,2,3,2
107,11,2026-11-22T16:30:00Z,False,14,16,4,4,1.421,1.47,0.23,0.241,3,3,3,3,3,3,4,4
103,11,2026-11-23T20:00:00Z,False,4,9,3,3,1.88,1.357,0.257,0.153,1,4,2,5,2,4,2,4
119,12,2026-11-27T20:00:00Z,False,18,6,4,3,1.455,1.162,0.313,0.233,3,5,1,3,2,4,3,4
117,12,2026-11-28T15:00:00Z,False,13,7,2,3,1.618,1.182,0.307,0.198,3,5,1,3,2,4,2,4
118,12,2026-11-28T15:00:00Z,False,16,4,3,4,1.941,1.434,0.238,0.144,1,3,3,5,2,4,2,4
116,12,2026-11-28T17:30:00Z,False,12,2,3,2,1.606,1.202,0.301,0.201,3,5,1,3,2,4,2,3
114,12,2026-11-29T12:00:00Z,False,9,14,4,3,1.347,1.557,0.211,0.26,4,3,3,2,4,2,4,2
112,12,2026-11-29T14:05:00Z,False,5,17,2,3,1.851,1.33,0.265,0.157,1,4,2,5,2,4,2,4
113,12,2026-11-29T14:05:00Z,False,8,11,2,3,1.219,1.529,0.217,0.296,5,3,3,1,4,2,3,2
115,12,2026-11-29T14:05:00Z,False,10,3,3,3,1.693,1.524,0.218,0.184,2,3,3,4,2,4,2,4
120,12,2026-11-29T14:05:00Z,False,20,19,3,3,1.857,1.328,0.265,0.156,1,4,2,5,2,4,2,4
111,12,2026-11-29T16:30:00Z,False,1,15,4,5,1.454,1.247,0.287,0.234,3,5,1,3,2,4,3,4
121,13,2026-12-02T20:00:00Z,False,2,9,3,4,1.272,1.554,0.211,0.28,4,3,3,2,4,2,4,3
122,13,2026-12-02T20:00:00Z,False,3,5,2,3,1.703,1.607,0.2,0.182,2,3,3,4,2,4,2,4
123,13,2026-12-02T20:00:00Z,False,4,1,4,3,1.752,1.363,0.256,0.173,2,4,2,4,2,4,3,4
124,13,2026-12-02T20:00:00Z,False,6,8,3,4,1.759,1.544,0.214,0.172,2,3,3,4,2,4,2,4
125,13,2026-12-02T20:00:00Z,False,7,12,2,2,1.81,1.659,0.19,0.164,2,2,4,4,3,3,2,2
126,13,2026-12-02T20:00:00Z,False,11,18,3,2,1.301,1.822,0.162,0.272,4,1,5,2,4,2,4,2
127,13,2026-12-02T20:00:00Z,False,14,20,2,4,1.664,1.679,0.187,0.189,2,2,4,4,3,3,2,4
128,13,2026-12-02T20:00:00Z,False,15,13,2,5,1.786,1.645,0.193,0.168,2,2,4,4,3,3,2,4
129,13,2026-12-02T20:00:00Z,False,17,16,4,3,1.336,1.622,0.197,0.263,4,3,3,2,4,2,4,2
130,13,2026-12-02T20:00:00Z,False,19,10,2,3,1.423,1.195,0.303,0.241,3,5,1,3,2,4,2,4
131,14,2026-12-05T15:00:00Z,False,2,8,3,4,1.386,1.612,0.2,0.25,4,3,3,2,4,2,4,3
132,14,2026-12-05T15:00:00Z,False,3,11,2,3,1.444,1.368,0.254,0.236,3,4,2,3,2,4,2,4
133,14,2026-12-05T15:00:00Z,False,4,15,4,3,1.694,1.394,0.248,0.184,2,3,3,4,2,4,3,4
134,14,2026-12-05T15:00:00Z,False,6,14,4,4,1.467,1.58,0.206,0.231,3,3,3,3,3,3,4,4
135,14,2026-12-05T15:00:00Z,False,9,10,2,3,1.537,1.303,0.272,0.215,3,4,2,3,2,4,2,4
136,14,2026-12-05T15:00:00Z,False,13,12,2,3,1.905,1.485,0.227,0.149,1,3,3,5,2,4,2,4
137,14,2026-12-05T15:00:00Z,False,16,7,2,4,1.989,1.282,0.277,0.137,1,4,2,5,2,4,2,4
138,14,2026-12-05T15:00:00Z,False,17,20,2,3,1.564,1.853,0.157,0.209,3,1,5,3,4,2,3,2
139,14,2026-12-05T15:00:00Z,False,18,5,2,3,1.447,1.389,0.249,0.235,3,4,2,3,2,4,2,4
140,14,2026-12-05T15:00:00Z,False,19,1,4,3,1.279,1.351,0.259,0.278,4,4,2,2,3,3,4,3
141,15,2026-12-12T15:00:00Z,False,1,3,3,5,1.628,1.118,0.327,0.196,3,5,1,3,2,4,2,4
142,15,2026-12-12T15:00:00Z,False,5,9,3,3,1.8,1.502,0.223,0.165,2,3,3,4,2,4,2,4
143,15,2026-12-12T15:00:00Z,False,7,2,3,2,1.623,1.451,0.234,0.197,3,3,3,3,3,3,3,2
144,15,2026-12-12T15:00:00Z,False,8,16,4,3,1.219,1.578,0.206,0.296,5,3,3,1,4,2,4,2
145,15,2026-12-12T15:00:00Z,False,10,4,3,3,1.728,1.547,0.213,0.178,2,3,3,4,2,4,2,4
146,15,2026-12-12T15:00:00Z,False,11,19,3,2,1.546,1.431,0.239,0.213,3,3,3,3,3,3,3,2
147,15,2026-12-12T15:00:00Z,False,12,17,2,2,1.483,1.159,0.314,0.227,3,5,1,3,2,4,2,3
148,15,2026-12-12T15:00:00Z,False,14,13,2,4,1.5,1.526,0.217,0.223,3,3,3,3,3,3,2,4
149,15,2026-12-12T15:00:00Z,False,15,6,4,5,2.006,1.508,0.221,0.134,1,3,3,5,2,4,3,4
150,15,2026-12-12T15:00:00Z,False,20,18,3,3,1.562,1.691,0.184,0.21,3,2,4,3,4,2,4,2
151,16,2026-12-19T15:00:00Z,False,1,16,4,5,1.528,1.179,0.308,0.217,3,5,1,3,2,4,3,4
152,16,2026-12-19T15:00:00Z,False,3,7,2,3,1.608,1.216,0.296,0.2,3,5,1,3,2,4,2,4
153,16,2026-12-19T15:00:00Z,False,4,17,2,3,1.933,1.202,0.301,0.145,1,5,1,5,1,5,2,4
154,16,2026-12-19T15:00:00Z,False,5,12,2,3,2.236,1.578,0.206,0.107,1,3,3,5,2,4,2,4
155,16,2026-12-19T15:00:00Z,False,6,2,3,4,1.799,1.367,0.255,0.165,2,4,2,4,2,4,2,4
156,16,2026-12-19T15:00:00Z,False,13,10,2,3,1.59,1.256,0.285,0.204,3,5,1,3,2,4,2,4
157,16,2026-12-19T15:00:00Z,False,14,19,3,4,1.742,1.347,0.26,0.175,2,4,2,4,2,4,2,4
158,16,2026-12-19T15:00:00Z,False,15,11,2,5,1.692,1.535,0.216,0.184,2,3,3,4,2,4,2,4
159,16,2026-12-19T15:00:00Z,False,18,9,3,3,1.296,1.257,0.285,0.274,4,5,1,2,2,4,2,4
160,16,2026-12-19T15:00:00Z,False,20,8,3,3,1.743,1.548,0.213,0.175,2,3,3,4,2,4,2,4
161,17,2026-12-26T12:30:00Z,False,2,13,2,4,1.272,1.566,0.209,0.28,4,3,3,2,4,2,3,3
164,17,2026-12-26T15:00:00Z,False,9,20,2,3,1.644,1.626,0.197,0.193,2,3,3,4,2,4,2,4
165,17,2026-12-26T15:00:00Z,False,10,5,2,3,1.874,1.829,0.161,0.153,1,1,5,5,3,3,2,3
167,17,2026-12-26T15:00:00Z,False,12,4,3,2,1.484,1.223,0.294,0.227,3,5,1,3,2,4,2,3
170,17,2026-12-26T15:00:00Z,False,19,3,3,3,1.385,1.238,0.29,0.25,4,5,1,2,2,4,2,4
166,17,2026-12-26T17:30:00Z,False,11,14,4,2,1.21,1.707,0.181,0.298,5,2,4,1,4,2,4,2
169,17,2026-12-26T20:00:00Z,False,17,15,4,3,1.271,1.716,0.18,0.281,4,2,4,2,4,2,4,2
162,17,2026-12-27T14:00:00Z,False,7,6,4,2,1.636,1.46,0.232,0.195,2,3,3,4,2,4,3,3
168,17,2026-12-27T16:30:00Z,False,16,18,3,4,1.842,1.738,0.176,0.159,1,2,4,5,2,4,2,4
163,17,2026-12-27T19:00:00Z,False,8,1,4,3,1.199,1.632,0.196,0.301,5,2,4,1,4,2,4,2
176,18,2026-12-29T19:30:00Z,False,11,13,2,2,1.332,1.622,0.198,0.264,4,3,3,2,4,2,3,2
180,18,2026-12-29T19:30:00Z,False,19,5,2,3,1.533,1.486,0.226,0.216,3,3,3,3,3,3,2,3
174,18,2026-12-29T20:15:00Z,False,9,15,4,3,1.336,1.507,0.222,0.263,4,3,3,2,4,2,4,2
172,18,2026-12-30T19:30:00Z,False,7,4,3,2,1.5,1.476,0.228,0.223,3,3,3,3,3,3,3,2
173,18,2026-12-30T19:30:00Z,False,8,3,3,3,1.299,1.496,0.224,0.273,4,3,3,2,4,2,4,2
175,18,2026-12-30T19:30:00Z,False,10,1,4,3,1.564,1.662,0.19,0.209,3,2,4,3,4,2,4,2
178,18,2026-12-30T19:30:00Z,False,16,20,2,4,2.091,1.701,0.183,0.124,1,2,4,5,2,4,2,4
179,18,2026-12-30T19:30:00Z,False,17,18,3,3,1.377,1.893,0.151,0.252,4,1,5,2,4,2,4,2
171,18,2026-12-30T20:15:00Z,False,2,14,4,4,1.155,1.649,0.192,0.315,5,2,4,1,4,2,4,3
177,18,2026-12-30T20:15:00Z,False,12,6,4,2,1.619,1.21,0.298,0.198,3,5,1,3,2,4,3,3
186,19,2027-01-01T20:00:00Z,False,13,9,3,3,1.534,1.414,0.243,0.216,3,3,3,3,3,3,3,3
184,19,2027-01-02T12:30:00Z,False,5,16,4,3,1.705,1.458,0.233,0.182,2,3,3,4,2,4,3,4
181,19,2027-01-02T15:00:00Z,False,1,12,2,5,2.004,1.275,0.279,0.135,1,4,2,5,2,4,2,4
183,19,2027-01-02T15:00:00Z,False,4,8,3,3,2.048,1.408,0.245,0.129,1,3,3,5,2,4,2,4
187,19,2027-01-02T15:00:00Z,False,14,7,2,4,1.583,1.266,0.282,0.205,3,4,2,3,2,4,2,4
189,19,2027-01-02T15:00:00Z,False,18,10,2,3,1.343,1.117,0.327,0.261,4,5,1,2,2,4,2,4
190,19,2027-01-02T15:00:00Z,False,20,11,2,3,1.515,1.404,0.246,0.22,3,3,3,3,3,3,2,3
182,19,2027-01-02T17:30:00Z,False,3,2,3,3,1.698,1.336,0.263,0.183,2,4,2,4,2,4,2,4
185,19,2027-01-03T14:00:00Z,False,6,17,2,4,1.661,1.318,0.268,0.19,2,4,2,4,2,4,2,4
188,19,2027-01-03T16:30:00Z,False,15,19,3,5,2.074,1.451,0.234,0.126,1,3,3,5,2,4,2,4
191,20,2027-01-05T19:30:00Z,False,1,4,3,5,1.661,1.135,0.321,0.19,2,5,1,4,2,4,2,4
192,20,2027-01-05T19:30:00Z,False,5,3,3,3,1.816,1.383,0.251,0.163,2,4,2,4,2,4,2,4
194,20,2027-01-05T19:30:00Z,False,9,2,3,3,1.651,1.347,0.26,0.192,2,4,2,4,2,4,2,4
199,20,2027-01-05T19:30:00Z,False,18,11,2,3,1.227,1.182,0.307,0.293,5,5,1,1,3,3,2,3
200,20,2027-01-05T20:15:00Z,False,20,14,4,3,1.453,1.585,0.205,0.234,3,3,3,3,3,3,4,3
193,20,2027-01-06T19:30:00Z,False,8,6,4,3,1.445,1.503,0.223,0.236,3,3,3,3,3,3,4,3
195,20,2027-01-06T19:30:00Z,False,10,19,3,3,1.948,1.473,0.229,0.143,1,3,3,5,2,4,2,4
196,20,2027-01-06T19:30:00Z,False,12,7,2,2,1.521,1.094,0.335,0.219,3,5,1,3,2,4,2,3
197,20,2027-01-06T20:15:00Z,False,13,15,4,3,1.382,1.452,0.234,0.251,4,3,3,2,4,2,4,2
198,20,2027-01-07T20:00:00Z,False,16,17,2,4,1.939,1.358,0.257,0.144,1,4,2,5,2,4,2,4
201,21,2027-01-16T15:00:00Z,False,2,16,4,4,1.204,1.508,0.221,0.3,5,3,3,1,4,2,4,3
202,21,2027-01-16T15:00:00Z,False,3,12,2,3,1.894,1.528,0.217,0.151,1,3,3,5,2,4,2,4
203,21,2027-01-16T15:00:00Z,False,4,5,2,3,2.1,1.499,0.223,0.123,1,3,3,5,2,4,2,4
204,21,2027-01-16T15:00:00Z,False,6,20,2,4,1.791,1.65,0.192,0.167,2,2,4,4,3,3,2,4
205,21,2027-01-16T15:00:00Z,False,7,9,3,2,1.457,1.58,0.206,0.233,3,3,3,3,3,3,3,2
206,21,2027-01-16T15:00:00Z,False,11,1,4,2,1.241,1.615,0.199,0.289,5,3,3,1,4,2,4,2
207,21,2027-01-16T15:00:00Z,False,14,8,3,4,1.635,1.571,0.208,0.195,2,3,3,4,2,4,2,4
208,21,2027-01-16T15:00:00Z,False,15,18,3,5,1.745,1.848,0.158,0.175,2,1,5,4,4,2,4,4
209,21,2027-01-16T15:00:00Z,False,17,10,2,3,1.462,1.484,0.227,0.232,3,3,3,3,3,3,2,3
210,21,2027-01-16T15:00:00Z,False,19,13,2,3,1.373,1.356,0.258,0.253,4,4,2,2,3,3,2,3
211,22,2027-01-23T15:00:00Z,False,1,17,2,5,1.659,1.075,0.341,0.19,2,5,1,4,2,4,2,4
212,22,2027-01-23T15:00:00Z,False,5,15,4,3,1.622,1.543,0.214,0.197,3,3,3,3,3,3,4,3
213,22,2027-01-23T15:00:00Z,False,8,19,3,3,1.494,1.445,0.236,0.225,3,3,3,3,3,3,3,3
214,22,2027-01-23T15:00:00Z,False,9,4,3,3,1.526,1.371,0.254,0.217,3,4,2,3,2,4,2,4
215,22,2027-01-23T15:00:00Z,False,10,2,3,3,1.869,1.521,0.219,0.154,1,3,3,5,2,4,2,4
216,22,2027-01-23T15:00:00Z,False,12,11,2,2,1.365,1.231,0.292,0.255,4,5,1,2,2,4,2,3
217,22,2027-01-23T15:00:00Z,False,13,6,4,3,1.722,1.307,0.271,0.179,2,4,2,4,2,4,3,4
218,22,2027-01-23T15:00:00Z,False,16,14,4,4,1.713,1.628,0.196,0.18,2,2,4,4,3,3,4,4
219,22,2027-01-23T15:00:00Z,False,18,3,3,3,1.308,1.157,0.314,0.27,4,5,1,2,2,4,2,4
220,22,2027-01-23T15:00:00Z,False,20,7,2,3,1.688,1.248,0.287,0.185,2,5,1,4,2,4,2,4
221,23,2027-01-30T15:00:00Z,False,2,12,2,4,1.58,1.632,0.196,0.206,3,2,4,3,4,2,3,3
222,23,2027-01-30T15:00:00Z,False,3,10,2,3,1.58,1.292,0.275,0.206,3,4,2,3,2,4,2,4
223,23,2027-01-30T15:00:00Z,False,4,16,4,3,1.78,1.318,0.268,0.169,2,4,2,4,2,4,3,4
224,23,2027-01-30T15:00:00Z,False,6,18,3,4,1.577,1.686,0.185,0.207,3,2,4,3,4,2,4,3
225,23,2027-01-30T15:00:00Z,False,7,13,2,2,1.457,1.592,0.203,0.233,3,3,3,3,3,3,2,2
226,23,2027-01-30T15:00:00Z,False,11,8,3,2,1.451,1.668,0.189,0.234,3,2,4,3,4,2,4,2
227,23,2027-01-30T15:00:00Z,False,14,9,3,4,1.5,1.514,0.22,0.223,3,3,3,3,3,3,3,4
228,23,2027-01-30T15:00:00Z,False,15,1,4,5,1.665,1.638,0.194,0.189,2,2,4,4,3,3,4,4
229,23,2027-01-30T15:00:00Z,False,17,5,2,3,1.575,1.846,0.158,0.207,3,1,5,3,4,2,3,2
230,23,2027-01-30T15:00:00Z,False,19,20,2,3,1.522,1.491,0.225,0.218,3,3,3,3,3,3,2,3
231,24,2027-02-06T15:00:00Z,False,1,14,4,5,1.466,1.289,0.276,0.231,3,4,2,3,2,4,3,4
232,24,2027-02-06T15:00:00Z,False,5,11,2,3,1.705,1.413,0.243,0.182,2,3,3,4,2,4,2,4
233,24,2027-02-06T15:00:00Z,False,8,7,2,3,1.357,1.359,0.257,0.257,4,4,2,2,3,3,2,3
234,24,2027-02-06T15:00:00Z,False,9,17,2,3,1.525,1.299,0.273,0.218,3,4,2,3,2,4,2,4
235,24,2027-02-06T15:00:00Z,False,10,15,4,3,1.512,1.701,0.183,0.22,3,2,4,3,4,2,4,2
236,24,2027-02-06T15:00:00Z,False,12,19,3,2,1.674,1.164,0.312,0.188,2,5,1,4,2,4,2,3
237,24,2027-02-06T15:00:00Z,False,13,3,3,3,1.548,1.301,0.272,0.213,3,4,2,3,2,4,2,4
238,24,2027-02-06T15:00:00Z,False,16,6,4,4,2.118,1.418,0.242,0.12,1,3,3,5,2,4,3,4
239,24,2027-02-06T15:00:00Z,False,18,4,3,3,1.334,1.175,0.309,0.263,4,5,1,2,2,4,2,4
240,24,2027-02-06T15:00:00Z,False,20,2,3,3,1.782,1.371,0.254,0.168,2,4,2,4,2,4,2,4
241,25,2027-02-10T20:00:00Z,False,2,3,3,4,1.283,1.43,0.239,0.277,4,3,3,2,4,2,4,3
242,25,2027-02-10T20:00:00Z,False,7,14,4,2,1.323,1.677,0.187,0.266,4,2,4,2,4,2,4,2
243,25,2027-02-10T20:00:00Z,False,8,4,3,3,1.325,1.519,0.219,0.266,4,3,3,2,4,2,4,2
244,25,2027-02-10T20:00:00Z,False,9,13,2,3,1.482,1.479,0.228,0.227,3,3,3,3,3,3,2,3
245,25,2027-02-10T20:00:00Z,False,10,18,3,3,1.639,1.876,0.153,0.194,2,1,5,4,4,2,4,2
246,25,2027-02-10T20:00:00Z,False,11,20,2,2,1.477,1.783,0.168,0.228,3,2,4,3,4,2,3,2
247,25,2027-02-10T20:00:00Z,False,12,1,4,2,1.343,1.314,0.269,0.261,4,4,2,2,3,3,4,2
248,25,2027-02-10T20:00:00Z,False,16,5,2,4,2.106,1.694,0.184,0.122,1,2,4,5,2,4,2,4
249,25,2027-02-10T20:00:00Z,False,17,6,4,3,1.584,1.545,0.213,0.205,3,3,3,3,3,3,4,3
250,25,2027-02-10T20:00:00Z,False,19,15,4,3,1.237,1.382,0.251,0.29,5,4,2,1,4,2,4,2
251,26,2027-02-20T15:00:00Z,False,1,10,2,5,1.672,1.079,0.34,0.188,2,5,1,4,2,4,2,4
252,26,2027-02-20T15:00:00Z,False,3,8,3,3,1.661,1.509,0.221,0.19,2,3,3,4,2,4,2,4
253,26,2027-02-20T15:00:00Z,False,4,7,2,3,1.983,1.135,0.321,0.138,1,5,1,5,1,5,2,4
254,26,2027-02-20T15:00:00Z,False,5,19,3,3,2.089,1.336,0.263,0.124,1,4,2,5,2,4,2,4
255,26,2027-02-20T15:00:00Z,False,6,12,2,4,2.006,1.563,0.209,0.135,1,3,3,5,2,4,2,4
256,26,2027-02-20T15:00:00Z,False,13,2,3,3,1.708,1.299,0.273,0.181,2,4,2,4,2,4,2,4
257,26,2027-02-20T15:00:00Z,False,14,11,2,4,1.421,1.424,0.241,0.241,3,3,3,3,3,3,2,4
258,26,2027-02-20T15:00:00Z,False,15,17,2,5,1.837,1.444,0.236,0.159,1,3,3,5,2,4,2,4
259,26,2027-02-20T15:00:00Z,False,18,16,4,3,1.227,1.22,0.295,0.293,5,5,1,1,3,3,4,3
260,26,2027-02-20T15:00:00Z,False,20,9,3,3,1.6,1.493,0.225,0.202,3,3,3,3,3,3,3,3
261,27,2027-02-27T15:00:00Z,False,2,6,4,4,1.428,1.437,0.238,0.24,3,3,3,3,3,3,4,4
262,27,2027-02-27T15:00:00Z,False,7,3,3,2,1.47,1.454,0.234,0.23,3,3,3,3,3,3,3,2
263,27,2027-02-27T15:00:00Z,False,8,20,2,3,1.427,1.802,0.165,0.24,3,2,4,3,4,2,3,2
264,27,2027-02-27T15:00:00Z,False,9,18,3,3,1.448,1.662,0.19,0.235,3,2,4,3,4,2,4,2
265,27,2027-02-27T15:00:00Z,False,10,13,2,3,1.678,1.669,0.188,0.187,2,2,4,4,3,3,2,3
266,27,2027-02-27T15:00:00Z,False,11,15,4,2,1.2,1.652,0.192,0.301,5,2,4,1,4,2,4,2
267,27,2027-02-27T15:00:00Z,False,12,5,2,2,1.61,1.446,0.236,0.2,3,3,3,3,3,3,2,2
268,27,2027-02-27T15:00:00Z,False,16,1,4,4,1.757,1.54,0.214,0.173,2,3,3,4,2,4,3,4
269,27,2027-02-27T15:00:00Z,False,17,4,3,3,1.452,1.562,0.21,0.234,3,3,3,3,3,3,3,3
270,27,2027-02-27T15:00:00Z,False,19,14,4,3,1.247,1.428,0.24,0.287,5,3,3,1,4,2,4,2
271,28,2027-03-03T20:00:00Z,False,1,8,3,5,1.758,1.26,0.284,0.172,2,4,2,4,2,4,2,4
272,28,2027-03-03T20:00:00Z,False,3,19,3,3,1.77,1.294,0.274,0.17,2,4,2,4,2,4,2,4
273,28,2027-03-03T20:00:00Z,False,4,12,2,3,2.335,1.426,0.24,0.097,1,3,3,5,2,4,2,4
274,28,2027-03-03T20:00:00Z,False,5,10,2,3,1.866,1.334,0.263,0.155,1,4,2,5,2,4,2,4
275,28,2027-03-03T20:00:00Z,False,6,7,2,4,1.704,1.244,0.288,0.182,2,5,1,4,2,4,2,4
276,28,2027-03-03T20:00:00Z,False,13,11,2,3,1.452,1.33,0.265,0.234,3,4,2,3,2,4,2,4
277,28,2027-03-03T20:00:00Z,False,14,2,3,4,1.671,1.391,0.249,0.188,2,4,2,4,2,4,2,4
278,28,2027-03-03T20:00:00Z,False,15,9,3,5,1.786,1.631,0.196,0.168,2,2,4,4,3,3,3,4
279,28,2027-03-03T20:00:00Z,False,18,17,2,3,1.333,1.113,0.329,0.264,4,5,1,2,2,4,2,4
280,28,2027-03-03T20:00:00Z,False,20,16,4,3,1.515,1.449,0.235,0.22,3,3,3,3,3,3,4,3
281,29,2027-03-13T15:00:00Z,False,2,11,2,4,1.204,1.462,0.232,0.3,5,3,3,1,4,2,3,3
282,29,2027-03-13T15:00:00Z,False,3,17,2,3,1.568,1.288,0.276,0.208,3,4,2,3,2,4,2,4
283,29,2027-03-13T15:00:00Z,False,6,1,4,4,1.505,1.494,0.224,0.222,3,3,3,3,3,3,4,4
284,29,2027-03-13T15:00:00Z,False,7,15,4,2,1.313,1.623,0.197,0.269,4,3,3,2,4,2,4,2
285,29,2027-03-13T15:00:00Z,False,8,10,2,3,1.334,1.444,0.236,0.263,4,3,3,2,4,2,3,2
286,29,2027-03-13T15:00:00Z,False,13,5,2,3,1.713,1.562,0.21,0.18,2,3,3,4,2,4,2,4
287,29,2027-03-13T15:00:00Z,False,14,12,2,4,1.864,1.59,0.204,0.155,1,3,3,5,2,4,2,4
288,29,2027-03-13T15:00:00Z,False,16,9,3,4,1.886,1.534,0.216,0.152,1,3,3,5,2,4,2,4
289,29,2027-03-13T15:00:00Z,False,20,4,3,3,1.647,1.395,0.248,0.193,2,3,3,4,2,4,2,4
290,29,2027-03-13T15:00:00Z,False,19,18,3,3,1.34,1.524,0.218,0.262,4,3,3,2,4,2,4,2
291,30,2027-03-20T15:00:00Z,False,1,20,2,5,1.789,1.346,0.26,0.167,2,4,2,4,2,4,2,4
292,30,2027-03-20T15:00:00Z,False,4,3,3,3,1.897,1.25,0.287,0.15,1,5,1,5,1,5,2,4
293,30,2027-03-20T15:00:00Z,False,5,7,2,3,1.899,1.256,0.285,0.15,1,5,1,5,1,5,2,4
294,30,2027-03-20T15:00:00Z,False,9,19,3,3,1.721,1.305,0.271,0.179,2,4,2,4,2,4,2,4
295,30,2027-03-20T15:00:00Z,False,10,14,4,3,1.524,1.757,0.173,0.218,3,2,4,3,4,2,4,2
296,30,2027-03-20T15:00:00Z,False,11,6,4,2,1.496,1.487,0.226,0.224,3,3,3,3,3,3,4,2
297,30,2027-03-20T15:00:00Z,False,12,8,3,2,1.571,1.357,0.257,0.208,3,4,2,3,2,4,2,3
298,30,2027-03-20T15:00:00Z,False,15,16,4,5,1.692,1.584,0.205,0.184,2,3,3,4,2,4,3,4
299,30,2027-03-20T15:00:00Z,False,17,13,2,3,1.41,1.684,0.186,0.244,3,2,4,3,4,2,3,2
300,30,2027-03-20T15:00:00Z,False,18,2,3,3,1.443,1.155,0.315,0.236,3,5,1,3,2,4,2,4
301,31,2027-04-10T14:00:00Z,False,2,5,2,4,1.42,1.716,0.18,0.242,3,2,4,3,4,2,3,3
302,31,2027-04-10T14:00:00Z,False,3,15,4,3,1.374,1.494,0.224,0.253,4,3,3,2,4,2,4,2
303,31,2027-04-10T14:00:00Z,False,6,10,2,4,1.674,1.322,0.267,0.188,2,4,2,4,2,4,2,4
304,31,2027-04-10T14:00:00Z,False,7,1,4,2,1.358,1.586,0.205,0.257,4,3,3,2,4,2,4,2
305,31,2027-04-10T14:00:00Z,False,8,9,3,3,1.287,1.625,0.197,0.276,4,3,3,2,4,2,4,2
306,31,2027-04-10T14:00:00Z,False,13,18,3,3,1.498,1.602,0.202,0.224,3,3,3,3,3,3,3,3
307,31,2027-04-10T14:00:00Z,False,14,17,2,4,1.543,1.341,0.262,0.214,3,4,2,3,2,4,2,4
308,31,2027-04-10T14:00:00Z,False,16,11,2,4,1.786,1.443,0.236,0.168,2,3,3,4,2,4,2,4
309,31,2027-04-10T14:00:00Z,False,20,12,2,3,1.987,1.568,0.208,0.137,1,3,3,5,2,4,2,4
310,31,2027-04-10T14:00:00Z,False,19,4,3,3,1.413,1.257,0.284,0.243,3,5,1,3,2,4,2,4
311,32,2027-04-17T14:00:00Z,False,1,2,3,5,1.797,1.115,0.328,0.166,2,5,1,4,2,4,2,4
312,32,2027-04-17T14:00:00Z,False,4,13,2,3,1.88,1.368,0.255,0.153,1,4,2,5,2,4,2,4
313,32,2027-04-17T14:00:00Z,False,5,6,4,3,2.022,1.389,0.249,0.132,1,4,2,5,2,4,3,4
314,32,2027-04-17T14:00:00Z,False,9,3,3,3,1.496,1.35,0.259,0.224,3,4,2,3,2,4,2,4
315,32,2027-04-17T14:00:00Z,False,10,20,2,3,1.861,1.836,0.16,0.156,1,1,5,5,3,3,2,3
316,32,2027-04-17T14:00:00Z,False,11,7,2,2,1.405,1.345,0.261,0.245,3,4,2,3,2,4,2,3
317,32,2027-04-17T14:00:00Z,False,12,16,4,2,1.365,1.271,0.281,0.255,4,4,2,2,3,3,4,2
318,32,2027-04-17T14:00:00Z,False,15,8,3,5,1.946,1.692,0.184,0.143,1,2,4,5,2,4,2,4
319,32,2027-04-17T14:00:00Z,False,17,19,3,3,1.637,1.486,0.226,0.195,2,3,3,4,2,4,2,4
320,32,2027-04-17T14:00:00Z,False,18,14,4,3,1.177,1.334,0.263,0.308,5,4,2,1,4,2,4,2
321,33,2027-04-24T14:00:00Z,False,2,7,2,4,1.342,1.299,0.273,0.261,4,4,2,2,3,3,2,4
322,33,2027-04-24T14:00:00Z,False,3,1,4,3,1.421,1.461,0.232,0.242,3,3,3,3,3,3,4,3
323,33,2027-04-24T14:00:00Z,False,4,10,2,3,1.949,1.206,0.299,0.142,1,5,1,5,1,5,2,4
324,33,2027-04-24T14:00:00Z,False,6,15,4,4,1.455,1.529,0.217,0.233,3,3,3,3,3,3,4,4
325,33,2027-04-24T14:00:00Z,False,9,5,2,3,1.656,1.621,0.198,0.191,2,3,3,4,2,4,2,4
326,33,2027-04-24T14:00:00Z,False,13,14,4,3,1.393,1.501,0.223,0.248,4,3,3,2,4,2,4,2
327,33,2027-04-24T14:00:00Z,False,16,8,3,4,2.055,1.591,0.204,0.128,1,3,3,5,2,4,2,4
328,33,2027-04-24T14:00:00Z,False,17,12,2,3,1.752,1.755,0.173,0.173,2,2,4,4,3,3,2,3
329,33,2027-04-24T14:00:00Z,False,18,20,2,3,1.437,1.394,0.248,0.238,3,4,2,3,2,4,2,4
330,33,2027-04-24T14:00:00Z,False,19,11,2,3,1.3,1.265,0.282,0.273,4,4,2,2,3,3,2,3
331,34,2027-05-01T14:00:00Z,False,1,19,3,5,1.873,1.08,0.34,0.154,1,5,1,5,1,5,2,5
332,34,2027-05-01T14:00:00Z,False,5,18,3,3,1.758,1.701,0.182,0.172,2,2,4,4,3,3,3,3
333,34,2027-05-01T14:00:00Z,False,7,16,4,2,1.38,1.534,0.216,0.252,4,3,3,2,4,2,4,2
334,34,2027-05-01T14:00:00Z,False,8,2,3,3,1.433,1.493,0.225,0.239,3,3,3,3,3,3,3,3
335,34,2027-05-01T14:00:00Z,False,10,9,3,3,1.678,1.656,0.191,0.187,2,2,4,4,3,3,3,3
336,34,2027-05-01T14:00:00Z,False,11,3,3,2,1.344,1.481,0.227,0.261,4,3,3,2,4,2,4,2
337,34,2027-05-01T14:00:00Z,False,12,13,2,2,1.442,1.319,0.267,0.237,3,4,2,3,2,4,2,3
338,34,2027-05-01T14:00:00Z,False,14,6,4,4,1.685,1.4,0.247,0.185,2,3,3,4,2,4,3,4
339,34,2027-05-01T14:00:00Z,False,15,4,3,5,1.839,1.525,0.218,0.159,1,3,3,5,2,4,2,4
340,34,2027-05-01T14:00:00Z,False,20,17,2,3,1.645,1.322,0.267,0.193,2,4,2,4,2,4,2,4
341,35,2027-05-08T14:00:00Z,False,3,16,4,3,1.444,1.412,0.244,0.236,3,3,3,3,3,3,4,3
342,35,2027-05-08T14:00:00Z,False,4,2,3,3,2.094,1.247,0.287,0.123,1,5,1,5,1,5,2,4
343,35,2027-05-08T14:00:00Z,False,5,20,2,3,1.996,1.665,0.189,0.136,1,2,4,5,2,4,2,4
344,35,2027-05-08T14:00:00Z,False,9,11,2,3,1.404,1.38,0.252,0.246,3,4,2,3,2,4,2,4
345,35,2027-05-08T14:00:00Z,False,10,12,2,3,2.084,1.739,0.176,0.124,1,2,4,5,2,4,2,4
346,35,2027-05-08T14:00:00Z,False,13,1,4,3,1.429,1.419,0.242,0.24,3,3,3,3,3,3,4,3
347,35,2027-05-08T14:00:00Z,False,15,14,4,5,1.623,1.731,0.177,0.197,3,2,4,3,4,2,4,4
348,35,2027-05-08T14:00:00Z,False,17,7,2,3,1.488,1.397,0.247,0.226,3,3,3,3,3,3,2,3
349,35,2027-05-08T14:00:00Z,False,18,8,3,3,1.412,1.304,0.271,0.244,3,4,2,3,2,4,2,4
350,35,2027-05-08T14:00:00Z,False,19,6,4,3,1.541,1.244,0.288,0.214,3,5,1,3,2,4,3,4
351,36,2027-05-15T14:00:00Z,False,1,18,3,5,1.576,1.376,0.253,0.207,3,4,2,3,2,4,2,4
352,36,2027-05-15T14:00:00Z,False,2,17,2,4,1.308,1.376,0.253,0.27,4,4,2,2,3,3,2,4
353,36,2027-05-15T14:00:00Z,False,6,9,3,4,1.615,1.488,0.226,0.199,3,3,3,3,3,3,3,4
354,36,2027-05-15T14:00:00Z,False,7,19,3,2,1.691,1.405,0.245,0.184,2,3,3,4,2,4,2,3
355,36,2027-05-15T14:00:00Z,False,8,5,2,3,1.437,1.795,0.166,0.238,3,2,4,3,4,2,3,2
356,36,2027-05-15T14:00:00Z,False,11,10,2,2,1.381,1.429,0.24,0.251,4,3,3,2,4,2,3,2
357,36,2027-05-15T14:00:00Z,False,12,15,4,2,1.299,1.344,0.261,0.273,4,4,2,2,3,3,4,2
358,36,2027-05-15T14:00:00Z,False,14,4,3,4,1.545,1.415,0.243,0.213,3,3,3,3,3,3,3,4
359,36,2027-05-15T14:00:00Z,False,16,13,2,4,1.886,1.546,0.213,0.152,1,3,3,5,2,4,2,4
360,36,2027-05-15T14:00:00Z,False,20,3,3,3,1.614,1.374,0.253,0.199,3,4,2,3,2,4,2,4
361,37,2027-05-23T14:00:00Z,False,3,6,4,3,1.712,1.345,0.261,0.18,2,4,2,4,2,4,3,4
362,37,2027-05-23T14:00:00Z,False,4,11,2,3,1.78,1.277,0.279,0.169,2,4,2,4,2,4,2,4
363,37,2027-05-23T14:00:00Z,False,5,14,4,3,1.635,1.594,0.203,0.195,2,3,3,4,2,4,3,4
364,37,2027-05-23T14:00:00Z,False,9,1,4,3,1.381,1.473,0.229,0.251,4,3,3,2,4,2,4,2
365,37,2027-05-23T14:00:00Z,False,10,7,2,3,1.77,1.384,0.251,0.17,2,4,2,4,2,4,2,4
366,37,2027-05-23T14:00:00Z,False,13,20,2,3,1.7,1.567,0.209,0.183,2,3,3,4,2,4,2,4
367,37,2027-05-23T14:00:00Z,False,15,2,3,5,1.99,1.498,0.223,0.137,1,3,3,5,2,4,2,4
368,37,2027-05-23T14:00:00Z,False,17,8,3,3,1.536,1.733,0.177,0.215,3,2,4,3,4,2,4,2
369,37,2027-05-23T14:00:00Z,False,18,12,2,3,1.61,1.32,0.267,0.2,3,4,2,3,2,4,2,4
370,37,2027-05-23T14:00:00Z,False,19,16,4,3,1.3,1.306,0.271,0.273,4,4,2,2,3,3,4,3
371,38,2027-05-30T15:00:00Z,False,1,5,2,5,1.802,1.341,0.261,0.165,2,4,2,4,2,4,2,4
372,38,2027-05-30T15:00:00Z,False,2,19,3,4,1.476,1.382,0.251,0.229,3,4,2,3,2,4,2,4
373,38,2027-05-30T15:00:00Z,False,6,4,3,4,1.662,1.391,0.249,0.19,2,4,2,4,2,4,2,4
374,38,2027-05-30T15:00:00Z,False,7,18,3,2,1.423,1.789,0.167,0.241,3,2,4,3,4,2,4,2
375,38,2027-05-30T15:00:00Z,False,8,13,2,3,1.287,1.638,0.194,0.276,4,2,4,2,4,2,3,2
376,38,2027-05-30T15:00:00Z,False,11,17,2,2,1.37,1.424,0.241,0.254,4,3,3,2,4,2,3,2
377,38,2027-05-30T15:00:00Z,False,12,9,3,2,1.442,1.309,0.27,0.237,3,4,2,3,2,4,2,3
378,38,2027-05-30T15:00:00Z,False,14,3,3,4,1.514,1.394,0.248,0.22,3,4,2,3,2,4,2,4
379,38,2027-05-30T15:00:00Z,False,16,10,2,4,1.955,1.363,0.256,0.142,1,4,2,5,2,4,2,4
380,38,2027-05-30T15:00:00Z,False,20,15,4,3,1.442,1.533,0.216,0.236,3,3,3,3,3,3,4,3
