id,web_name,team_short_name,pos,price,selected_by_percent,next_opp,avail_next,next_gw,sim_mean,sim_median,p90,haul_prob,blank_prob
426,B.Fernandes,MUN,MID,11.9,38.4,TOT (H),1.0,7.227,7.271,5.989,12.989,0.209,0.016
411,Haaland,MCI,FWD,15.6,73.9,LIV (A),1.0,5.928,5.909,5.65,11.273,0.16,0.04
427,Mbeumo,MUN,MID,7.9,20.5,TOT (H),1.0,5.86,5.887,5.439,11.439,0.158,0.044
12,Saka,ARS,MID,9.6,14.1,LEE (H),1.0,5.838,5.88,5.619,10.619,0.139,0.061
4,Gabriel,ARS,DEF,8.0,22.7,LEE (H),1.0,5.587,5.529,4.717,8.717,0.064,0.149
480,Gibbs-White,NFO,MID,8.0,15.7,CRY (A),1.0,5.089,5.097,3.612,9.612,0.092,0.051
229,Tarkowski,EVE,DEF,6.2,16.8,HUL (A),1.0,4.874,4.854,4.359,8.359,0.049,0.154
428,Cunha,MUN,MID,7.9,5.8,TOT (H),1.0,4.537,4.555,3.462,8.462,0.063,0.056
8,Calafiori,ARS,DEF,5.9,50.5,LEE (H),1.0,4.515,4.585,4.23,8.23,0.068,0.225
236,Dewsbury-Hall,EVE,MID,6.6,5.9,HUL (A),1.0,4.468,4.489,3.379,8.379,0.056,0.042
68,Tavernier,BOU,MID,6.1,6.8,CHE (A),1.0,4.344,4.35,2.375,8.375,0.06,0.044
445,Thiaw,NEW,DEF,5.0,2.2,COV (A),1.0,4.308,4.348,3.147,8.147,0.057,0.222
449,Hall,NEW,DEF,5.3,17.5,COV (A),1.0,4.285,4.275,3.264,8.264,0.043,0.239
399,Cherki,MCI,MID,7.8,28.4,LIV (A),1.0,4.272,4.302,3.564,8.564,0.056,0.219
40,Rogers,CHE,MID,7.7,40.7,BOU (H),1.0,4.263,4.276,3.295,8.295,0.058,0.043
453,Barnes,NEW,MID,6.1,5.9,COV (A),1.0,4.252,4.235,3.363,8.363,0.057,0.091
447,Botman,NEW,DEF,5.0,0.7,COV (A),1.0,4.205,4.185,3.064,8.064,0.041,0.201
388,Guéhi,MCI,DEF,6.0,18.1,LIV (A),1.0,4.199,4.202,3.301,8.301,0.045,0.259
542,E.Le Fée,SUN,MID,5.7,3.3,BHA (H),1.0,4.159,4.177,3.237,8.237,0.052,0.067
15,Ødegaard,ARS,MID,6.8,19.8,LEE (H),1.0,4.126,4.15,3.462,8.462,0.04,0.108
124,Groß,BHA,MID,5.9,29.6,SUN (A),1.0,4.107,4.138,2.507,7.507,0.038,0.047
481,Anderson,MCI,MID,6.3,4.0,LIV (A),1.0,4.089,4.132,4.118,7.118,0.023,0.054
106,Thiago,BRE,FWD,7.8,9.2,AVL (A),1.0,4.076,4.073,2.281,6.281,0.069,0.039
154,Palmer,CHE,MID,9.7,25.4,BOU (H),0.75,4.052,4.072,2.42,9.42,0.092,0.272
249,Barry,EVE,FWD,5.7,8.3,HUL (A),1.0,3.974,3.98,2.329,6.329,0.071,0.123
94,Schade,BRE,MID,6.2,12.0,AVL (A),1.0,3.957,3.983,2.213,8.213,0.046,0.055
418,Maguire,MUN,DEF,4.8,8.6,TOT (H),1.0,3.951,3.964,2.985,7.985,0.03,0.438
368,Szoboszlai,LIV,MID,6.9,32.5,MCI (H),1.0,3.941,3.928,3.229,7.229,0.031,0.041
469,N.Williams,NFO,DEF,5.0,8.7,CRY (A),1.0,3.9,3.886,2.182,8.182,0.039,0.292
1,Raya,ARS,GKP,6.1,42.3,LEE (H),1.0,3.879,3.84,2.344,6.344,0.0,0.208
464,Wissa,NEW,FWD,6.2,18.7,COV (A),1.0,3.857,3.876,2.138,6.138,0.075,0.144
115,De Cuyper,BHA,DEF,5.0,28.0,SUN (A),1.0,3.846,3.891,2.281,8.281,0.051,0.354
230,Branthwaite,EVE,DEF,5.5,2.4,HUL (A),1.0,3.837,3.842,3.038,8.038,0.028,0.254
305,Davis,IPS,DEF,4.0,7.0,FUL (H),1.0,3.797,3.801,2.031,8.031,0.06,0.334
41,Buendía,AVL,MID,5.9,1.0,BRE (H),1.0,3.778,3.785,2.261,7.261,0.031,0.096
239,Garner,EVE,MID,6.0,0.2,HUL (A),1.0,3.754,3.771,4.008,7.015,0.025,0.122
472,Murillo,NFO,DEF,5.5,2.1,CRY (A),1.0,3.731,3.803,2.963,7.963,0.026,0.414
43,Tielemans,MUN,MID,5.8,1.5,TOT (H),1.0,3.69,3.735,3.109,7.109,0.031,0.087
391,Gvardiol,MCI,DEF,5.7,26.9,LIV (A),1.0,3.672,3.723,2.358,8.358,0.033,0.342
366,Wirtz,LIV,MID,7.3,5.7,MCI (H),1.0,3.653,3.679,2.292,7.292,0.033,0.078
