id,web_name,team_short_name,pos,price,selected_by_percent,status,next_opp,avail_next,p_start,next_xmins,xg90,xa90,next_gw,next_n,gw_6,gw_7,gw_8,gw_9,gw_10,next_app,next_goals,next_assists,next_cs,next_conceded,next_saves,next_defcon,next_bonus,next_cards
426,B.Fernandes,MUN,MID,11.9,38.4,a,TOT (H),1.0,1.0,86.94,0.37,0.33,7.23,32.47,7.23,5.69,6.75,5.73,7.08,1.97,2.1,1.63,0.31,0.0,0.0,0.24,1.07,-0.09
411,Haaland,MCI,FWD,15.6,73.9,a,LIV (A),1.0,0.98,85.08,0.8,0.09,5.93,32.21,5.93,7.72,6.2,6.78,5.59,1.93,2.47,0.3,0.0,0.0,0.0,0.0,1.27,-0.04
12,Saka,ARS,MID,9.6,14.1,a,LEE (H),1.0,0.95,79.09,0.4,0.26,5.84,28.31,5.84,5.21,5.9,5.4,5.97,1.9,1.71,0.98,0.38,0.0,0.0,0.29,0.65,-0.07
4,Gabriel,ARS,DEF,8.0,22.7,a,LEE (H),1.0,0.98,86.09,0.1,0.06,5.59,27.7,5.59,5.43,5.76,4.88,6.04,1.96,0.56,0.25,1.55,-0.23,0.0,0.69,0.98,-0.18
427,Mbeumo,MUN,MID,7.9,20.5,a,TOT (H),1.0,0.96,84.35,0.43,0.17,5.86,26.28,5.86,4.6,5.46,4.63,5.73,1.93,2.34,0.82,0.3,0.0,0.0,0.06,0.56,-0.14
154,Palmer,CHE,MID,9.7,25.4,d,BOU (H),0.75,0.98,63.55,0.4,0.15,4.05,23.43,4.05,4.28,5.42,4.87,4.81,1.46,1.5,0.49,0.17,0.0,0.0,0.13,0.43,-0.12
399,Cherki,MCI,MID,7.8,28.4,a,LIV (A),1.0,0.87,67.27,0.22,0.39,4.27,22.95,4.27,5.32,4.5,4.71,4.14,1.72,0.68,1.04,0.19,0.0,0.0,0.16,0.57,-0.09
68,Tavernier,BOU,MID,6.1,6.8,a,CHE (A),1.0,0.97,81.53,0.29,0.16,4.34,22.56,4.34,4.86,4.3,4.64,4.42,1.92,1.18,0.56,0.15,0.0,0.0,0.17,0.57,-0.21
480,Gibbs-White,NFO,MID,8.0,15.7,a,CRY (A),1.0,0.96,84.13,0.3,0.14,5.09,22.38,5.09,3.86,4.86,4.59,3.98,1.92,1.61,0.64,0.25,0.0,0.0,0.09,0.64,-0.05
8,Calafiori,ARS,DEF,5.9,50.5,a,LEE (H),1.0,0.94,77.78,0.15,0.07,4.51,22.27,4.51,4.31,4.66,3.89,4.9,1.86,0.75,0.27,1.48,-0.2,0.0,0.11,0.41,-0.15
229,Tarkowski,EVE,DEF,6.2,16.8,a,HUL (A),1.0,0.98,85.55,0.06,0.05,4.87,21.99,4.87,4.23,3.57,4.29,5.02,1.94,0.4,0.23,1.19,-0.34,0.0,1.05,0.56,-0.16
388,Guéhi,MCI,DEF,6.0,18.1,a,LIV (A),1.0,0.98,85.32,0.12,0.07,4.2,21.96,4.2,4.45,4.83,3.78,4.7,1.94,0.58,0.24,1.03,-0.4,0.0,0.48,0.47,-0.14
106,Thiago,BRE,FWD,7.8,9.2,a,AVL (A),1.0,0.98,84.13,0.56,0.05,4.08,21.19,4.08,4.26,4.32,4.6,3.94,1.93,1.67,0.16,0.0,0.0,0.0,0.04,0.46,-0.19
481,Anderson,MCI,MID,6.3,4.0,a,LIV (A),1.0,0.96,79.69,0.08,0.13,4.09,21.17,4.09,4.52,4.25,4.22,4.09,1.92,0.3,0.42,0.25,0.0,0.0,1.08,0.29,-0.18
542,E.Le Fée,SUN,MID,5.7,3.3,a,BHA (H),1.0,0.95,81.46,0.21,0.19,4.16,21.05,4.16,4.11,4.09,4.44,4.25,1.89,0.85,0.69,0.17,0.0,0.0,0.34,0.35,-0.13
236,Dewsbury-Hall,EVE,MID,6.6,5.9,a,HUL (A),1.0,0.97,84.96,0.17,0.17,4.47,20.89,4.47,4.29,3.42,4.28,4.44,1.93,0.84,0.77,0.3,0.0,0.0,0.26,0.55,-0.18
368,Szoboszlai,LIV,MID,6.9,32.5,a,MCI (H),1.0,0.98,83.9,0.17,0.18,3.94,20.84,3.94,4.16,4.35,3.84,4.55,1.93,0.59,0.55,0.17,0.0,0.0,0.48,0.41,-0.19
124,Groß,BHA,MID,5.9,29.6,a,SUN (A),1.0,0.97,84.58,0.17,0.19,4.11,20.81,4.11,4.36,4.0,4.04,4.31,1.92,0.67,0.64,0.21,0.0,0.0,0.18,0.68,-0.19
453,Barnes,NEW,MID,6.1,5.9,a,COV (A),1.0,0.92,81.39,0.24,0.12,4.25,20.78,4.25,4.25,4.11,4.08,4.09,1.89,1.18,0.53,0.25,0.0,0.0,0.07,0.42,-0.08
428,Cunha,MUN,MID,7.9,5.8,a,TOT (H),1.0,0.96,78.64,0.23,0.14,4.54,20.76,4.54,3.76,4.27,3.75,4.44,1.9,1.15,0.65,0.3,0.0,0.0,0.1,0.54,-0.1
40,Rogers,CHE,MID,7.7,40.7,a,BOU (H),1.0,0.97,83.05,0.22,0.15,4.26,20.63,4.26,3.91,4.55,4.0,3.91,1.92,1.1,0.65,0.22,0.0,0.0,0.08,0.45,-0.17
335,Stach,LEE,MID,6.0,2.5,a,ARS (A),1.0,0.93,80.56,0.14,0.14,3.58,20.27,3.58,4.03,4.15,4.1,4.42,1.84,0.34,0.3,0.15,0.0,0.0,0.7,0.36,-0.11
94,Schade,BRE,MID,6.2,12.0,a,AVL (A),1.0,0.96,83.72,0.34,0.08,3.96,20.24,3.96,4.05,4.18,4.34,3.72,1.92,1.26,0.25,0.26,0.0,0.0,0.06,0.35,-0.15
15,Ødegaard,ARS,MID,6.8,19.8,a,LEE (H),1.0,0.9,70.59,0.16,0.24,4.13,20.15,4.13,3.79,4.17,3.85,4.22,1.8,0.61,0.8,0.36,0.0,0.0,0.15,0.47,-0.06
445,Thiaw,NEW,DEF,5.0,2.2,a,COV (A),1.0,0.97,84.46,0.1,0.03,4.31,20.11,4.31,4.04,4.13,3.86,3.76,1.93,0.65,0.14,1.05,-0.38,0.0,0.76,0.28,-0.11
346,Calvert-Lewin,LEE,FWD,6.0,24.8,a,ARS (A),1.0,0.97,80.56,0.52,0.04,3.31,20.0,3.31,3.97,4.14,4.12,4.46,1.91,1.01,0.08,0.0,0.0,0.0,0.0,0.49,-0.18
449,Hall,NEW,DEF,5.3,17.5,a,COV (A),1.0,0.96,83.75,0.05,0.12,4.28,19.95,4.28,4.01,4.1,3.83,3.72,1.91,0.3,0.52,1.04,-0.38,0.0,0.6,0.42,-0.13
397,Semenyo,MCI,MID,8.4,15.1,d,LIV (A),0.75,0.99,64.45,0.26,0.13,3.11,19.93,3.11,4.39,4.1,4.34,4.0,1.46,0.76,0.33,0.2,0.0,0.0,0.12,0.34,-0.1
13,Rice,ARS,MID,7.4,11.5,d,LEE (H),0.75,0.97,59.8,0.1,0.19,3.34,19.73,3.34,3.64,4.21,4.06,4.48,1.44,0.33,0.56,0.29,0.0,0.0,0.47,0.34,-0.08
447,Botman,NEW,DEF,5.0,0.7,a,COV (A),1.0,0.97,84.46,0.06,0.04,4.2,19.64,4.2,3.94,4.04,3.78,3.67,1.93,0.38,0.2,1.05,-0.38,0.0,0.95,0.22,-0.14
366,Wirtz,LIV,MID,7.3,5.7,a,MCI (H),1.0,0.94,76.54,0.24,0.17,3.65,19.45,3.65,3.88,4.09,3.54,4.28,1.88,0.77,0.46,0.17,0.0,0.0,0.1,0.37,-0.09
1,Raya,ARS,GKP,6.1,42.3,a,LEE (H),1.0,0.99,86.01,0.0,0.0,3.88,19.43,3.88,3.89,3.99,3.47,4.19,1.95,0.0,0.01,1.56,-0.23,0.21,0.0,0.42,-0.05
391,Gvardiol,MCI,DEF,5.7,26.9,a,LIV (A),1.0,0.89,76.02,0.1,0.08,3.67,19.18,3.67,3.86,4.25,3.26,4.14,1.77,0.41,0.25,0.94,-0.35,0.0,0.28,0.5,-0.14
356,Virgil,LIV,DEF,6.5,16.2,a,MCI (H),1.0,1.0,86.82,0.09,0.04,3.55,19.17,3.55,3.65,3.78,3.65,4.55,1.97,0.38,0.13,0.71,-0.58,0.0,0.84,0.24,-0.13
566,Silva,BOU,DEF,5.0,0.4,a,CHE (A),1.0,0.92,80.74,0.12,0.06,3.52,19.13,3.52,4.13,3.27,4.01,4.19,1.84,0.59,0.21,0.56,-0.61,0.0,1.02,0.12,-0.23
464,Wissa,NEW,FWD,6.2,18.7,a,COV (A),1.0,0.86,76.01,0.46,0.05,3.86,18.98,3.86,3.91,3.72,3.73,3.76,1.81,1.72,0.19,0.0,0.0,0.0,0.01,0.36,-0.24
379,Isak,LIV,FWD,9.1,22.1,d,MCI (H),0.75,0.9,55.96,0.55,0.03,2.93,18.86,2.93,3.67,4.16,3.63,4.47,1.35,1.01,0.06,0.0,0.0,0.0,0.0,0.57,-0.07
41,Buendía,AVL,MID,5.9,1.0,a,BRE (H),1.0,0.92,75.66,0.18,0.1,3.78,18.74,3.78,3.96,3.46,3.82,3.72,1.89,0.73,0.37,0.19,0.0,0.0,0.35,0.41,-0.17
115,De Cuyper,BHA,DEF,5.0,28.0,a,SUN (A),1.0,0.9,76.64,0.16,0.18,3.85,18.66,3.85,4.01,3.54,3.17,4.1,1.85,0.68,0.56,0.77,-0.43,0.0,0.13,0.47,-0.18
249,Barry,EVE,FWD,5.7,8.3,a,HUL (A),1.0,0.88,75.06,0.47,0.03,3.97,18.62,3.97,3.88,3.0,3.86,3.91,1.86,1.69,0.12,0.0,0.0,0.0,0.0,0.4,-0.1
60,Hill,BOU,DEF,5.5,0.8,a,CHE (A),1.0,0.98,85.69,0.04,0.08,3.39,18.45,3.39,3.96,3.12,3.86,4.11,1.94,0.18,0.3,0.6,-0.64,0.0,1.04,0.15,-0.19
155,Enzo,MCI,MID,6.9,3.7,a,LIV (A),1.0,0.79,66.2,0.28,0.2,3.43,18.36,3.43,4.22,3.62,3.74,3.35,1.63,0.84,0.52,0.21,0.0,0.0,0.11,0.32,-0.18
67,Rayan,BOU,MID,6.3,1.6,a,CHE (A),1.0,0.96,82.21,0.19,0.13,3.52,18.22,3.52,3.89,3.48,3.74,3.6,1.92,0.79,0.46,0.15,0.0,0.0,0.09,0.21,-0.1
544,Xhaka,SUN,MID,5.5,3.6,a,BHA (H),1.0,0.96,83.7,0.04,0.15,3.61,18.22,3.61,3.57,3.59,3.78,3.67,1.91,0.18,0.54,0.17,0.0,0.0,0.69,0.36,-0.24
569,Gonzalo,FUL,FWD,6.0,4.1,a,IPS (A),1.0,0.89,75.24,0.44,0.09,3.36,18.2,3.36,3.89,3.63,3.46,3.85,1.78,1.14,0.26,0.0,0.0,0.0,0.01,0.25,-0.09
332,Justin,LEE,DEF,4.5,1.4,a,ARS (A),1.0,0.97,84.56,0.07,0.06,3.01,18.15,3.01,3.58,3.75,3.45,4.36,1.92,0.21,0.14,0.62,-0.61,0.0,0.51,0.35,-0.14
338,Ampadu,LEE,MID,5.4,0.9,a,ARS (A),1.0,0.97,84.31,0.07,0.07,3.35,18.14,3.35,3.61,3.68,3.63,3.87,1.91,0.18,0.16,0.16,0.0,0.0,0.94,0.2,-0.2
239,Garner,EVE,MID,6.0,0.2,a,HUL (A),1.0,0.9,73.54,0.07,0.14,3.75,17.89,3.75,3.62,3.15,3.62,3.75,1.85,0.31,0.55,0.27,0.0,0.0,0.76,0.26,-0.25
173,Thomas,COV,DEF,4.0,8.5,a,NEW (H),1.0,0.88,75.55,0.08,0.06,3.55,17.79,3.55,3.62,3.72,3.47,3.44,1.76,0.4,0.22,0.7,-0.46,0.0,0.78,0.25,-0.1
334,Muharemović,LEE,DEF,5.0,4.3,a,ARS (A),1.0,0.92,80.74,0.08,0.03,3.0,17.77,3.0,3.51,3.66,3.39,4.2,1.84,0.24,0.07,0.59,-0.58,0.0,0.82,0.12,-0.11
26,Havertz,ARS,FWD,7.6,8.1,d,LEE (H),0.75,0.92,59.96,0.42,0.08,3.01,17.6,3.01,3.15,3.79,3.66,3.99,1.41,1.1,0.22,0.0,0.0,0.0,0.01,0.37,-0.11
156,Neto,CHE,MID,6.5,1.4,a,BOU (H),1.0,0.86,70.52,0.17,0.21,3.62,17.56,3.62,3.34,3.85,3.41,3.34,1.77,0.69,0.75,0.19,0.0,0.0,0.05,0.24,-0.07
210,Wharton,CRY,MID,5.4,0.7,a,NFO (H),1.0,0.9,78.49,0.06,0.21,3.47,17.54,3.47,3.6,3.53,3.61,3.33,1.86,0.24,0.69,0.16,0.0,0.0,0.48,0.2,-0.15
418,Maguire,MUN,DEF,4.8,8.6,a,TOT (H),1.0,0.95,83.04,0.05,0.05,3.95,17.52,3.95,3.36,3.44,3.08,3.69,1.88,0.35,0.25,1.17,-0.32,0.0,0.61,0.21,-0.2
469,N.Williams,NFO,DEF,5.0,8.7,a,CRY (A),1.0,0.97,84.46,0.06,0.11,3.9,17.44,3.9,3.35,3.96,2.97,3.26,1.93,0.4,0.5,0.99,-0.41,0.0,0.3,0.34,-0.14
237,Ndiaye,MCI,MID,5.8,6.6,a,LIV (A),1.0,0.76,68.67,0.18,0.14,3.31,17.43,3.31,3.85,3.47,3.51,3.28,1.71,0.57,0.38,0.2,0.0,0.0,0.35,0.18,-0.07
183,Rudoni,COV,MID,4.9,0.1,a,NEW (H),1.0,0.81,62.17,0.18,0.21,3.55,17.36,3.55,3.22,3.59,3.67,3.33,1.69,0.67,0.67,0.16,0.0,0.0,0.34,0.12,-0.11
61,Truffert,BOU,DEF,5.4,3.0,a,CHE (A),1.0,0.98,85.58,0.04,0.08,3.15,17.34,3.15,3.75,2.87,3.65,3.92,1.94,0.2,0.28,0.6,-0.64,0.0,0.55,0.36,-0.15
127,Gomez,BHA,MID,5.0,3.9,a,SUN (A),1.0,0.92,78.68,0.21,0.1,3.42,17.31,3.42,3.61,3.34,3.35,3.58,1.84,0.78,0.32,0.2,0.0,0.0,0.28,0.22,-0.22
254,Robinson,FUL,DEF,4.5,1.5,a,IPS (A),1.0,0.95,80.75,0.06,0.08,3.45,17.29,3.45,3.51,3.52,3.53,3.28,1.91,0.25,0.24,1.02,-0.36,0.0,0.34,0.23,-0.17
230,Branthwaite,EVE,DEF,5.5,2.4,a,HUL (A),1.0,0.91,79.44,0.05,0.03,3.84,17.27,3.84,3.3,2.81,3.36,3.96,1.81,0.28,0.11,1.1,-0.31,0.0,0.79,0.15,-0.11
43,Tielemans,MUN,MID,5.8,1.5,a,TOT (H),1.0,0.93,75.78,0.1,0.14,3.69,17.24,3.69,3.22,3.51,3.2,3.62,1.86,0.47,0.61,0.28,0.0,0.0,0.35,0.16,-0.06
472,Murillo,NFO,DEF,5.5,2.1,a,CRY (A),1.0,0.93,80.91,0.05,0.04,3.73,17.13,3.73,3.38,3.82,2.93,3.28,1.84,0.31,0.19,0.95,-0.39,0.0,0.85,0.16,-0.18
533,Mukiele,SUN,DEF,5.4,1.9,a,BHA (H),1.0,0.88,76.03,0.08,0.08,3.25,17.02,3.25,3.14,3.44,3.7,3.48,1.73,0.36,0.27,0.61,-0.51,0.0,0.7,0.25,-0.15
268,King,FUL,MID,5.5,2.8,a,IPS (A),1.0,0.9,77.57,0.21,0.08,3.21,16.99,3.21,3.57,3.4,3.3,3.51,1.88,0.7,0.23,0.24,0.0,0.0,0.08,0.28,-0.19
261,Iwobi,FUL,MID,5.4,0.7,a,IPS (A),1.0,0.94,76.6,0.08,0.18,3.23,16.99,3.23,3.55,3.4,3.31,3.49,1.85,0.28,0.53,0.25,0.0,0.0,0.1,0.33,-0.11
79,Evanilson,BOU,FWD,6.0,3.2,a,CHE (A),1.0,0.97,81.17,0.32,0.06,3.3,16.96,3.3,3.61,3.3,3.46,3.28,1.91,1.04,0.22,0.0,0.0,0.0,0.0,0.23,-0.11
305,Davis,IPS,DEF,4.0,7.0,a,FUL (H),1.0,0.88,76.98,0.2,0.07,3.8,16.91,3.8,2.53,3.34,3.73,3.52,1.76,0.88,0.24,1.0,-0.33,0.0,0.21,0.14,-0.1
200,Lacroix,CHE,DEF,5.9,6.8,a,BOU (H),1.0,0.75,68.39,0.07,0.04,3.41,16.91,3.41,3.22,3.83,3.25,3.21,1.7,0.32,0.13,0.68,-0.36,0.0,0.83,0.22,-0.12
98,Janelt,BRE,MID,5.0,2.5,a,AVL (A),1.0,0.88,76.91,0.08,0.12,3.35,16.86,3.35,3.36,3.46,3.5,3.18,1.75,0.28,0.35,0.24,0.0,0.0,0.75,0.31,-0.34
257,Bassey,FUL,DEF,4.5,0.7,a,IPS (A),1.0,0.97,84.56,0.05,0.02,3.38,16.75,3.38,3.37,3.41,3.45,3.14,1.92,0.23,0.07,1.04,-0.38,0.0,0.42,0.26,-0.17
316,Emersonn,IPS,FWD,5.5,3.7,a,FUL (H),1.0,0.88,62.61,0.4,0.05,3.24,16.69,3.24,3.39,3.2,3.6,3.25,1.65,0.97,0.12,0.0,0.0,0.0,0.01,0.57,-0.08
202,Richards,CRY,DEF,4.9,0.6,a,NFO (H),1.0,0.94,82.76,0.06,0.04,3.23,16.59,3.23,3.01,3.52,3.75,3.08,1.9,0.3,0.16,0.66,-0.56,0.0,0.8,0.13,-0.14
86,Lewis-Potter,BRE,MID,5.5,1.7,a,AVL (A),1.0,0.96,78.44,0.17,0.13,3.25,16.52,3.25,3.3,3.41,3.49,3.07,1.79,0.58,0.4,0.23,0.0,0.0,0.06,0.27,-0.08
264,Bobb,FUL,MID,5.5,0.3,a,IPS (A),1.0,0.91,68.83,0.13,0.2,3.13,16.5,3.13,3.45,3.3,3.21,3.4,1.89,0.4,0.51,0.25,0.0,0.0,0.09,0.09,-0.1
258,Castagne,FUL,DEF,4.5,1.0,a,IPS (A),1.0,0.95,77.99,0.09,0.07,3.26,16.44,3.26,3.36,3.34,3.34,3.14,1.89,0.35,0.21,1.02,-0.34,0.0,0.21,0.12,-0.2
591,Enciso,IPS,MID,5.5,0.8,a,FUL (H),1.0,0.86,71.06,0.21,0.16,3.26,16.41,3.26,3.22,3.16,3.55,3.23,1.7,0.72,0.48,0.25,0.0,0.0,0.13,0.14,-0.16
532,Ballard,SUN,DEF,4.9,2.5,d,BHA (H),0.75,0.91,59.77,0.09,0.03,2.59,16.35,2.59,2.93,3.42,3.78,3.62,1.36,0.31,0.09,0.48,-0.4,0.0,0.74,0.16,-0.14
367,Gakpo,LIV,MID,7.2,12.2,d,MCI (H),0.75,0.76,51.45,0.24,0.2,2.54,16.33,2.54,3.15,3.56,3.18,3.9,1.29,0.51,0.37,0.1,0.0,0.0,0.11,0.21,-0.06
69,Scott,BOU,MID,6.1,5.7,d,CHE (A),0.5,0.96,41.64,0.13,0.1,1.96,16.28,1.96,3.17,3.4,3.85,3.89,0.95,0.27,0.18,0.07,0.0,0.0,0.38,0.19,-0.08
45,McGinn,AVL,MID,5.4,2.2,a,BRE (H),1.0,0.94,79.91,0.13,0.13,3.28,16.25,3.28,3.45,2.98,3.32,3.22,1.87,0.59,0.51,0.19,0.0,0.0,0.1,0.23,-0.21
82,Kelleher,BRE,GKP,5.0,6.1,a,AVL (A),1.0,0.98,85.66,0.0,0.0,3.38,16.18,3.38,3.17,3.47,3.22,2.95,1.94,0.0,0.02,1.08,-0.38,0.52,0.0,0.24,-0.04
330,Bogle,LEE,DEF,4.6,7.4,a,ARS (A),1.0,0.94,72.17,0.11,0.08,2.61,16.17,2.61,3.19,3.36,3.09,3.93,1.87,0.29,0.15,0.6,-0.5,0.0,0.16,0.21,-0.18
627,Barcola,LIV,MID,8.0,1.9,a,MCI (H),1.0,0.75,62.55,0.22,0.14,3.05,16.11,3.05,3.21,3.36,2.97,3.51,1.68,0.56,0.33,0.13,0.0,0.0,0.17,0.26,-0.08
390,Rúben,MCI,DEF,5.5,1.9,a,LIV (A),1.0,0.9,78.23,0.04,0.06,3.11,16.1,3.11,3.15,3.62,2.67,3.56,1.78,0.18,0.2,0.95,-0.36,0.0,0.31,0.17,-0.11
432,Mainoo,MUN,MID,5.5,1.6,d,TOT (H),0.75,0.88,55.81,0.06,0.1,2.82,16.1,2.82,2.98,3.38,3.28,3.64,1.36,0.23,0.3,0.2,0.0,0.0,0.62,0.17,-0.08
412,Lammens,MUN,GKP,4.9,9.9,a,TOT (H),1.0,0.98,85.45,0.0,0.0,3.44,16.04,3.44,3.19,3.14,3.01,3.27,1.94,0.0,0.0,1.2,-0.33,0.37,0.0,0.27,-0.02
112,Van Hecke,TOT,DEF,4.9,6.4,d,MUN (A),0.75,0.98,63.76,0.1,0.05,2.05,15.99,2.05,4.13,2.82,3.75,3.24,1.45,0.38,0.16,0.28,-0.64,0.0,0.45,0.14,-0.16
552,Brobbey,SUN,FWD,5.7,6.9,d,BHA (H),0.75,0.96,57.87,0.39,0.03,2.62,15.88,2.62,3.02,3.19,3.57,3.49,1.42,0.9,0.09,0.0,0.0,0.0,0.0,0.35,-0.14
226,Pickford,EVE,GKP,5.5,9.2,a,HUL (A),1.0,1.0,86.74,0.0,0.0,3.41,15.84,3.41,3.03,2.82,3.07,3.52,1.97,0.0,0.02,1.21,-0.34,0.34,0.0,0.29,-0.08
138,Kostoulas,BHA,FWD,5.6,4.6,a,SUN (A),1.0,0.79,67.37,0.39,0.06,3.1,15.83,3.1,3.31,3.04,3.12,3.25,1.7,0.98,0.15,0.0,0.0,0.0,0.01,0.43,-0.17
385,Trafford,LEE,GKP,5.0,5.5,a,ARS (A),1.0,0.89,77.27,0.0,0.0,2.97,15.82,2.97,3.13,3.19,3.06,3.46,1.75,0.0,0.0,0.57,-0.56,0.9,0.0,0.35,-0.04
214,Kamada,CRY,MID,5.0,0.5,a,NFO (H),1.0,0.92,80.41,0.09,0.12,3.13,15.82,3.13,3.22,3.19,3.26,3.01,1.89,0.35,0.43,0.16,0.0,0.0,0.4,0.07,-0.16
467,Sels,NFO,GKP,5.0,1.6,a,CRY (A),1.0,0.98,85.66,0.0,0.0,3.23,15.73,3.23,3.17,3.31,2.91,3.1,1.94,0.0,0.01,1.0,-0.41,0.63,0.0,0.12,-0.06
417,Dalot,MUN,DEF,4.9,1.6,a,TOT (H),1.0,0.86,73.24,0.06,0.08,3.55,15.61,3.55,2.97,3.07,2.71,3.31,1.8,0.37,0.33,1.05,-0.27,0.0,0.2,0.23,-0.15
87,Ajer,BRE,DEF,4.5,3.9,a,AVL (A),1.0,0.88,77.92,0.04,0.04,3.34,15.6,3.34,3.03,3.5,3.15,2.57,1.8,0.15,0.11,0.97,-0.34,0.0,0.71,0.12,-0.17
145,Fofana,CHE,DEF,5.0,0.2,a,BOU (H),1.0,0.89,71.31,0.04,0.04,3.13,15.6,3.13,2.96,3.58,2.98,2.95,1.76,0.18,0.14,0.8,-0.37,0.0,0.67,0.13,-0.18
516,Bentancur,TOT,MID,5.5,0.2,a,MUN (A),1.0,0.85,71.44,0.05,0.05,3.0,15.58,3.0,3.33,3.03,3.18,3.05,1.76,0.18,0.18,0.08,0.0,0.0,0.83,0.15,-0.18
286,Belloumi,HUL,MID,5.1,5.3,a,EVE (H),1.0,0.89,71.28,0.14,0.1,3.08,15.45,3.08,3.23,3.08,3.36,2.7,1.66,0.52,0.34,0.14,0.0,0.0,0.32,0.26,-0.17
588,Khalaili,CRY,DEF,5.0,0.3,d,NFO (H),0.75,0.85,55.32,0.15,0.07,2.49,15.43,2.49,2.8,3.37,3.7,3.08,1.33,0.47,0.17,0.44,-0.37,0.0,0.48,0.09,-0.12
504,Vuskovic,BHA,DEF,5.0,3.8,a,SUN (A),1.0,0.87,74.39,0.08,0.04,3.22,15.39,3.22,3.25,2.97,2.58,3.37,1.72,0.33,0.11,0.74,-0.42,0.0,0.58,0.25,-0.1
176,Dasilva,COV,DEF,4.0,0.7,a,NEW (H),1.0,0.88,76.32,0.08,0.08,3.07,15.39,3.07,3.12,3.25,3.0,2.95,1.76,0.41,0.32,0.7,-0.46,0.0,0.21,0.25,-0.1
336,Okafor,LEE,MID,5.8,0.4,a,ARS (A),1.0,0.83,63.81,0.21,0.09,2.66,15.36,2.66,3.05,3.15,3.11,3.39,1.73,0.41,0.15,0.13,0.0,0.0,0.07,0.27,-0.11
250,Leno,FUL,GKP,4.5,3.4,a,IPS (A),1.0,0.97,84.59,0.0,0.0,3.12,15.33,3.12,3.05,3.11,3.15,2.9,1.92,0.0,0.0,1.04,-0.38,0.36,0.0,0.24,-0.06
486,McAtee,NFO,MID,5.5,0.1,a,CRY (A),1.0,0.87,73.63,0.1,0.16,3.36,15.31,3.36,2.78,3.26,3.08,2.83,1.8,0.45,0.65,0.22,0.0,0.0,0.31,0.15,-0.22
384,Donnarumma,MCI,GKP,5.5,7.6,a,LIV (A),1.0,0.98,85.81,0.0,0.0,2.99,15.25,2.99,2.88,3.36,2.64,3.38,1.95,0.0,0.01,1.04,-0.4,0.39,0.0,0.15,-0.15
455,Tonali,TOT,MID,5.3,1.8,a,MUN (A),1.0,0.93,78.77,0.07,0.11,2.9,15.24,2.9,3.32,2.93,3.14,2.95,1.85,0.29,0.39,0.09,0.0,0.0,0.3,0.1,-0.12
211,Yeremy,CRY,MID,5.5,0.3,a,NFO (H),1.0,0.84,65.02,0.18,0.22,3.01,15.22,3.01,3.17,3.06,3.14,2.84,1.66,0.55,0.6,0.12,0.0,0.0,0.1,0.12,-0.14
204,Mitchell,CRY,DEF,4.5,6.1,a,NFO (H),1.0,0.95,79.56,0.07,0.07,2.94,15.19,2.94,2.73,3.25,3.48,2.79,1.91,0.31,0.22,0.66,-0.53,0.0,0.29,0.22,-0.13
459,L.Miley,NEW,MID,5.5,0.1,d,COV (A),0.75,0.9,54.5,0.08,0.1,2.56,15.13,2.56,2.97,3.14,3.21,3.26,1.34,0.25,0.29,0.18,0.0,0.0,0.42,0.15,-0.08
401,Marmoush,TOT,FWD,7.0,2.1,a,MUN (A),1.0,0.81,68.94,0.3,0.07,2.94,15.12,2.94,3.2,2.95,3.12,2.91,1.65,0.84,0.21,0.0,0.0,0.0,0.01,0.36,-0.13
572,Tzolakis,HUL,GKP,4.7,12.8,a,EVE (H),1.0,0.92,80.38,0.0,0.0,3.05,15.05,3.05,3.03,2.99,3.06,2.93,1.84,0.0,0.0,0.69,-0.52,0.64,0.0,0.5,-0.1
403,Sávio,TOT,MID,6.5,0.6,a,MUN (A),1.0,0.71,59.32,0.21,0.18,2.85,15.04,2.85,3.31,2.88,3.14,2.87,1.49,0.65,0.49,0.07,0.0,0.0,0.1,0.15,-0.1
419,Martinez,MUN,DEF,4.9,1.3,a,TOT (H),1.0,0.84,72.69,0.04,0.05,3.37,15.01,3.37,2.9,2.94,2.65,3.15,1.65,0.2,0.2,1.03,-0.28,0.0,0.48,0.17,-0.07
233,Mykolenko,EVE,DEF,4.6,4.1,d,HUL (A),0.75,0.97,63.51,0.02,0.06,2.75,14.69,2.75,2.71,2.42,3.05,3.75,1.44,0.07,0.21,0.88,-0.25,0.0,0.37,0.15,-0.13
350,A.Becker,LIV,GKP,5.5,4.2,a,MCI (H),1.0,0.92,80.21,0.0,0.0,2.8,14.63,2.8,2.81,2.84,2.88,3.3,1.82,0.0,0.0,0.66,-0.54,0.59,0.0,0.35,-0.08
429,Rashford,MUN,MID,7.0,1.4,d,TOT (H),0.75,0.8,48.6,0.2,0.13,2.64,14.58,2.64,2.59,3.11,2.86,3.39,1.24,0.64,0.37,0.18,0.0,0.0,0.1,0.17,-0.06
259,Diop,IPS,DEF,4.0,12.6,a,FUL (H),1.0,0.89,77.74,0.05,0.03,3.39,14.55,3.39,2.02,2.95,3.09,3.1,1.77,0.21,0.09,1.01,-0.33,0.0,0.61,0.13,-0.13
541,Meunier,SUN,DEF,4.5,0.3,a,BHA (H),1.0,0.9,72.78,0.07,0.1,2.75,14.48,2.75,2.65,2.93,3.18,2.97,1.8,0.29,0.31,0.63,-0.48,0.0,0.21,0.09,-0.1
644,Timber,CRY,MID,5.0,0.0,a,NFO (H),1.0,0.86,71.91,0.1,0.07,2.85,14.39,2.85,2.92,2.9,2.96,2.76,1.71,0.35,0.22,0.15,0.0,0.0,0.41,0.14,-0.13
165,João Pedro,CHE,FWD,7.7,64.8,d,BOU (H),0.75,0.64,41.53,0.5,0.06,2.49,14.38,2.49,2.64,3.28,3.0,2.97,0.95,0.99,0.14,0.0,0.0,0.0,0.0,0.5,-0.08
567,Horníček,NEW,GKP,5.0,1.5,a,COV (A),1.0,0.94,82.53,0.0,0.0,3.02,14.37,3.02,2.86,2.95,2.8,2.74,1.88,0.0,0.0,1.02,-0.37,0.45,0.0,0.14,-0.11
558,Schlager,NFO,MID,5.0,0.1,a,CRY (A),1.0,0.81,71.83,0.08,0.07,3.05,14.32,3.05,2.7,3.0,2.85,2.72,1.69,0.35,0.3,0.21,0.0,0.0,0.54,0.14,-0.17
295,McBurnie,HUL,FWD,5.5,1.9,a,EVE (H),1.0,0.88,76.3,0.3,0.04,2.83,14.29,2.83,3.03,2.85,3.18,2.4,1.77,0.94,0.14,0.0,0.0,0.0,0.01,0.24,-0.26
31,Konsa,ARS,DEF,4.6,19.2,d,LEE (H),0.75,0.76,50.48,0.05,0.02,2.38,14.28,2.38,2.74,3.08,2.67,3.4,1.2,0.15,0.05,0.89,-0.13,0.0,0.17,0.08,-0.03
28,Martinez,CHE,GKP,5.0,4.7,a,BOU (H),1.0,0.89,77.04,0.0,0.0,2.84,14.24,2.84,2.76,3.11,2.77,2.76,1.75,0.0,0.01,0.8,-0.42,0.52,0.0,0.23,-0.05
277,Egan,HUL,DEF,4.1,7.0,a,EVE (H),1.0,0.88,75.92,0.03,0.02,2.9,14.22,2.9,2.91,2.81,2.97,2.63,1.77,0.13,0.08,0.66,-0.48,0.0,0.78,0.13,-0.16
244,Armstrong,EVE,MID,5.0,0.4,a,HUL (A),1.0,0.86,75.16,0.09,0.09,2.99,14.2,2.99,2.87,2.48,2.87,2.99,1.74,0.4,0.34,0.26,0.0,0.0,0.32,0.11,-0.19
502,Robertson,TOT,DEF,4.4,2.5,a,MUN (A),1.0,0.78,68.51,0.06,0.09,2.21,14.15,2.21,3.77,2.42,3.1,2.65,1.71,0.26,0.29,0.29,-0.67,0.0,0.25,0.14,-0.07
57,Petrović,BOU,GKP,4.5,3.0,a,CHE (A),1.0,0.97,84.59,0.0,0.0,2.68,14.14,2.68,2.91,2.58,2.89,3.07,1.92,0.0,0.0,0.59,-0.64,0.76,0.0,0.11,-0.06
304,O'Shea,IPS,DEF,4.0,2.7,a,FUL (H),1.0,0.88,76.98,0.03,0.05,3.28,14.09,3.28,1.95,2.86,3.0,3.01,1.76,0.13,0.17,1.0,-0.33,0.0,0.59,0.07,-0.1
619,Palacios,IPS,MID,5.0,0.1,a,FUL (H),1.0,0.76,65.37,0.06,0.07,2.84,14.03,2.84,2.72,2.76,2.91,2.8,1.63,0.2,0.2,0.21,0.0,0.0,0.57,0.13,-0.11
109,Verbruggen,BHA,GKP,4.5,21.6,a,SUN (A),1.0,0.97,84.59,0.0,0.01,2.88,13.95,2.88,2.86,2.74,2.53,2.95,1.92,0.0,0.03,0.83,-0.49,0.51,0.0,0.13,-0.06
565,M.Sangaré,BRE,MID,5.6,9.8,a,AVL (A),1.0,0.59,52.14,0.13,0.15,2.75,13.93,2.75,2.78,2.85,2.91,2.64,1.41,0.3,0.31,0.14,0.0,0.0,0.52,0.25,-0.17
529,Roefs,SUN,GKP,4.9,2.4,a,BHA (H),1.0,0.95,82.65,0.0,0.0,2.68,13.89,2.68,2.63,2.83,2.93,2.81,1.88,0.0,0.01,0.67,-0.56,0.56,0.0,0.21,-0.08
96,Damsgaard,BRE,MID,5.4,0.4,d,AVL (A),0.75,0.66,44.45,0.11,0.21,2.27,13.88,2.27,2.69,2.96,3.12,2.84,1.2,0.21,0.37,0.13,0.0,0.0,0.2,0.2,-0.04
580,Charles,FUL,MID,5.0,0.1,a,IPS (A),1.0,0.71,63.22,0.07,0.08,2.7,13.86,2.7,2.84,2.78,2.74,2.81,1.59,0.2,0.19,0.19,0.0,0.0,0.53,0.11,-0.11
166,N.Jackson,AVL,FWD,6.5,1.5,a,BRE (H),1.0,0.79,60.15,0.32,0.12,2.78,13.86,2.78,2.98,2.51,2.77,2.82,1.45,0.83,0.34,0.0,0.0,0.0,0.01,0.33,-0.18
483,Ndoye,NFO,MID,5.5,0.7,a,CRY (A),1.0,0.86,61.43,0.17,0.15,3.08,13.85,3.08,2.46,2.97,2.82,2.51,1.53,0.64,0.53,0.16,0.0,0.0,0.07,0.26,-0.12
129,Ayari,BHA,MID,5.4,0.4,a,SUN (A),1.0,0.78,66.03,0.14,0.07,2.75,13.82,2.75,2.86,2.69,2.68,2.84,1.63,0.43,0.18,0.17,0.0,0.0,0.27,0.18,-0.1
267,Lukić,IPS,MID,4.9,0.1,a,FUL (H),1.0,0.91,74.23,0.09,0.1,2.79,13.8,2.79,2.66,2.69,2.91,2.74,1.83,0.31,0.31,0.26,0.0,0.0,0.23,0.14,-0.29
362,Jacquet,LIV,DEF,5.0,3.5,d,MCI (H),0.75,0.92,57.53,0.03,0.05,2.1,13.76,2.1,2.49,2.76,2.82,3.59,1.38,0.08,0.09,0.49,-0.38,0.0,0.31,0.23,-0.12
503,Van de Ven,TOT,DEF,5.0,3.8,a,MUN (A),1.0,0.89,77.44,0.09,0.02,2.03,13.76,2.03,3.84,2.28,3.06,2.55,1.76,0.43,0.07,0.34,-0.78,0.0,0.18,0.23,-0.2
93,Schuster,BRE,DEF,4.5,0.3,a,AVL (A),1.0,0.57,54.28,0.05,0.11,2.89,13.74,2.89,2.69,3.03,2.8,2.33,1.29,0.13,0.24,0.62,-0.23,0.0,0.64,0.27,-0.09
650,Affengruber,FUL,DEF,4.5,0.1,a,IPS (A),1.0,0.7,59.99,0.04,0.04,2.76,13.73,2.76,2.76,2.79,2.81,2.6,1.39,0.11,0.09,0.74,-0.27,0.0,0.69,0.11,-0.1
597,Suzuki,AVL,GKP,5.0,1.9,a,BRE (H),1.0,0.87,75.78,0.0,0.0,2.82,13.7,2.82,2.77,2.64,3.01,2.47,1.74,0.0,0.01,0.72,-0.45,0.52,0.0,0.33,-0.05
579,Araujo,LIV,DEF,5.4,3.1,a,MCI (H),1.0,0.76,66.64,0.04,0.05,2.54,13.69,2.54,2.59,2.67,2.63,3.25,1.7,0.13,0.11,0.54,-0.42,0.0,0.44,0.21,-0.16
649,Maitland-Niles,EVE,DEF,4.5,1.4,a,HUL (A),1.0,0.7,60.75,0.05,0.08,3.06,13.66,3.06,2.62,2.17,2.66,3.15,1.57,0.2,0.25,0.84,-0.22,0.0,0.24,0.27,-0.1
557,Tzolis,ARS,MID,6.3,11.9,d,LEE (H),0.75,0.91,52.23,0.11,0.14,2.31,13.64,2.31,2.51,2.92,2.8,3.11,1.28,0.31,0.34,0.23,0.0,0.0,0.1,0.19,-0.16
203,Canvot,CRY,DEF,4.8,0.2,a,NFO (H),1.0,0.75,65.02,0.07,0.03,2.65,13.62,2.65,2.46,2.89,3.08,2.53,1.48,0.25,0.1,0.52,-0.44,0.0,0.64,0.21,-0.11
105,Anthony,BRE,MID,5.9,0.2,a,AVL (A),1.0,0.75,60.99,0.2,0.11,2.68,13.59,2.68,2.72,2.8,2.87,2.53,1.57,0.53,0.27,0.17,0.0,0.0,0.07,0.19,-0.12
209,Johnson,EVE,MID,5.9,0.1,a,HUL (A),1.0,0.76,60.81,0.18,0.09,2.88,13.56,2.88,2.76,2.29,2.76,2.87,1.71,0.65,0.28,0.23,0.0,0.0,0.07,0.13,-0.18
279,Ajayi,HUL,DEF,4.2,13.9,a,EVE (H),1.0,0.89,74.73,0.1,0.03,2.76,13.51,2.76,2.82,2.66,2.92,2.35,1.78,0.46,0.09,0.67,-0.47,0.0,0.21,0.19,-0.16
598,Elvedi,LEE,DEF,4.5,0.1,a,ARS (A),1.0,0.72,65.68,0.04,0.11,2.24,13.49,2.24,2.66,2.79,2.58,3.22,1.55,0.11,0.18,0.46,-0.46,0.0,0.42,0.08,-0.1
501,Danso,SUN,DEF,5.0,0.2,a,BHA (H),1.0,0.79,68.19,0.04,0.04,2.57,13.47,2.57,2.48,2.74,2.92,2.75,1.57,0.17,0.11,0.55,-0.46,0.0,0.75,0.09,-0.21
91,Pinnock,COV,DEF,4.5,0.1,a,NEW (H),1.0,0.7,61.7,0.04,0.03,2.65,13.36,2.65,2.76,2.78,2.57,2.6,1.48,0.17,0.09,0.55,-0.37,0.0,0.76,0.13,-0.15
201,Muñoz,NFO,DEF,5.4,5.7,a,CRY (A),1.0,0.72,59.68,0.1,0.12,3.0,13.33,3.0,2.5,3.0,2.36,2.46,1.44,0.47,0.4,0.6,-0.27,0.0,0.28,0.2,-0.13
525,Fernandes,TOT,MID,5.7,0.8,a,MUN (A),1.0,0.75,59.94,0.07,0.1,2.55,13.24,2.55,2.84,2.57,2.72,2.58,1.57,0.23,0.26,0.06,0.0,0.0,0.43,0.14,-0.14
345,Tanaka,LEE,MID,4.9,0.3,a,ARS (A),1.0,0.75,60.41,0.13,0.08,2.35,13.18,2.35,2.62,2.69,2.65,2.86,1.61,0.24,0.13,0.12,0.0,0.0,0.25,0.12,-0.12
114,Boscagli,BHA,DEF,4.5,0.3,a,SUN (A),1.0,0.92,78.41,0.02,0.07,2.78,13.14,2.78,2.79,2.53,2.12,2.92,1.81,0.1,0.24,0.78,-0.45,0.0,0.29,0.17,-0.17
460,Willock,NEW,MID,5.0,0.6,a,COV (A),1.0,0.61,55.51,0.15,0.1,2.68,13.12,2.68,2.67,2.61,2.58,2.59,1.54,0.51,0.3,0.16,0.0,0.0,0.08,0.2,-0.12
496,Kinsky,TOT,GKP,4.5,17.2,a,MUN (A),1.0,0.94,81.79,0.0,0.0,2.21,13.01,2.21,3.27,2.32,2.73,2.47,1.86,0.0,0.0,0.36,-0.83,0.81,0.0,0.07,-0.06
545,Sadiki,SUN,MID,4.9,0.2,a,BHA (H),1.0,0.96,79.22,0.06,0.06,2.57,13.0,2.57,2.54,2.58,2.69,2.62,1.91,0.25,0.2,0.17,0.0,0.0,0.2,0.06,-0.22
290,Slater,HUL,MID,4.5,5.2,a,EVE (H),1.0,0.87,74.97,0.06,0.11,2.59,12.99,2.59,2.7,2.59,2.79,2.32,1.74,0.25,0.37,0.16,0.0,0.0,0.14,0.11,-0.18
184,Grimes,COV,MID,4.9,0.1,a,NEW (H),1.0,0.88,76.34,0.06,0.06,2.61,12.9,2.61,2.5,2.64,2.64,2.51,1.76,0.28,0.24,0.18,0.0,0.0,0.14,0.13,-0.12
167,Delap,NFO,FWD,5.6,2.7,a,CRY (A),1.0,0.71,63.18,0.35,0.05,2.89,12.86,2.89,2.23,2.76,2.68,2.31,1.6,1.12,0.18,0.0,0.0,0.0,0.01,0.19,-0.2
46,Barkley,AVL,MID,5.0,0.3,a,BRE (H),1.0,0.63,54.42,0.13,0.1,2.59,12.86,2.59,2.7,2.41,2.62,2.55,1.59,0.4,0.26,0.13,0.0,0.0,0.13,0.17,-0.08
113,F.Kadıoğlu,BHA,DEF,4.4,1.6,a,SUN (A),1.0,0.9,74.11,0.05,0.08,2.71,12.85,2.71,2.74,2.46,2.08,2.86,1.77,0.22,0.24,0.76,-0.42,0.0,0.14,0.14,-0.15
73,Adams,BOU,MID,5.0,0.3,a,CHE (A),1.0,0.72,63.31,0.05,0.05,2.5,12.75,2.5,2.62,2.47,2.58,2.57,1.66,0.15,0.13,0.11,0.0,0.0,0.51,0.12,-0.19
242,George,EVE,MID,5.5,0.9,a,HUL (A),1.0,0.56,50.14,0.13,0.15,2.69,12.72,2.69,2.59,2.18,2.59,2.68,1.52,0.39,0.39,0.17,0.0,0.0,0.09,0.24,-0.11
47,Kamara,AVL,MID,5.0,0.3,a,BRE (H),1.0,0.86,74.02,0.05,0.06,2.57,12.71,2.57,2.63,2.42,2.61,2.49,1.7,0.2,0.21,0.18,0.0,0.0,0.22,0.22,-0.16
372,Mac Allister,LIV,MID,5.4,1.3,a,MCI (H),1.0,0.66,61.49,0.12,0.08,2.43,12.67,2.43,2.52,2.61,2.39,2.71,1.62,0.29,0.18,0.12,0.0,0.0,0.22,0.16,-0.16
110,Rushworth,COV,GKP,4.5,0.8,a,NEW (H),1.0,0.86,75.27,0.0,0.0,2.49,12.6,2.49,2.64,2.6,2.4,2.48,1.71,0.0,0.01,0.69,-0.46,0.35,0.0,0.22,-0.03
389,Matheus N.,MCI,DEF,5.9,1.0,a,LIV (A),1.0,0.65,57.1,0.02,0.07,2.45,12.6,2.45,2.43,2.83,2.09,2.81,1.35,0.07,0.15,0.68,-0.26,0.0,0.24,0.31,-0.1
222,Strand Larsen,CRY,FWD,6.0,0.7,a,NFO (H),1.0,0.72,63.37,0.23,0.05,2.49,12.54,2.49,2.62,2.51,2.54,2.39,1.68,0.56,0.13,0.0,0.0,0.0,0.0,0.22,-0.1
457,J.Murphy,NEW,MID,5.9,0.1,a,COV (A),1.0,0.6,52.89,0.15,0.15,2.53,12.42,2.53,2.53,2.46,2.44,2.45,1.45,0.47,0.43,0.13,0.0,0.0,0.05,0.17,-0.16
37,Lindelöf,AVL,DEF,4.5,0.3,a,BRE (H),1.0,0.92,79.9,0.06,0.03,2.64,12.37,2.64,2.62,2.23,2.94,1.94,1.81,0.29,0.12,0.76,-0.47,0.0,0.14,0.07,-0.08
88,Kayode,BRE,DEF,4.6,7.6,a,AVL (A),1.0,0.76,60.39,0.06,0.08,2.62,12.35,2.62,2.41,2.77,2.53,2.03,1.6,0.18,0.2,0.71,-0.24,0.0,0.13,0.18,-0.12
634,Fernandez-Pardo,NEW,FWD,6.0,0.1,a,COV (A),1.0,0.69,55.85,0.27,0.04,2.49,12.29,2.49,2.51,2.42,2.43,2.44,1.41,0.74,0.12,0.0,0.0,0.0,0.01,0.28,-0.08
282,Giles,HUL,DEF,4.0,2.9,a,EVE (H),1.0,0.88,76.32,0.02,0.07,2.51,12.26,2.51,2.54,2.41,2.62,2.18,1.76,0.11,0.24,0.66,-0.49,0.0,0.21,0.18,-0.16
265,Berge,FUL,MID,4.9,0.3,a,IPS (A),1.0,0.78,66.48,0.05,0.06,2.39,12.21,2.39,2.5,2.45,2.42,2.46,1.7,0.15,0.16,0.21,0.0,0.0,0.2,0.08,-0.11
581,Diomande,NFO,DEF,5.4,0.5,a,CRY (A),1.0,0.61,52.37,0.08,0.05,2.66,12.19,2.66,2.38,2.71,2.12,2.32,1.37,0.3,0.14,0.62,-0.24,0.0,0.41,0.15,-0.09
526,Solanke,TOT,FWD,5.8,0.8,a,MUN (A),1.0,0.6,49.85,0.31,0.04,2.36,12.08,2.36,2.53,2.36,2.48,2.34,1.5,0.63,0.08,0.0,0.0,0.0,0.0,0.21,-0.07
551,N.Angulo,SUN,MID,5.0,0.1,a,BHA (H),1.0,0.89,62.6,0.15,0.06,2.35,11.87,2.35,2.32,2.33,2.48,2.39,1.55,0.46,0.17,0.12,0.0,0.0,0.1,0.1,-0.16
10,White,ARS,DEF,5.5,4.8,d,LEE (H),0.75,0.61,37.16,0.06,0.08,1.99,11.86,1.99,2.25,2.56,2.23,2.83,0.85,0.15,0.14,0.62,-0.09,0.0,0.12,0.25,-0.04
149,Colwill,CHE,DEF,4.8,0.9,a,BOU (H),1.0,0.74,62.36,0.03,0.04,2.35,11.71,2.35,2.21,2.72,2.23,2.2,1.47,0.12,0.13,0.66,-0.33,0.0,0.33,0.1,-0.13
605,Yalcouyé,BHA,MID,4.5,4.0,a,SUN (A),1.0,0.48,42.33,0.27,0.12,2.3,11.65,2.3,2.43,2.25,2.27,2.4,1.32,0.54,0.22,0.1,0.0,0.0,0.09,0.11,-0.08
423,Shaw,MUN,DEF,4.3,7.6,a,TOT (H),1.0,0.75,62.7,0.02,0.07,2.65,11.63,2.65,2.24,2.27,2.02,2.45,1.49,0.11,0.25,0.92,-0.24,0.0,0.2,0.08,-0.16
331,Gudmundsson,LEE,DEF,4.5,0.1,a,ARS (A),1.0,0.74,61.46,0.04,0.09,1.89,11.57,1.89,2.28,2.4,2.19,2.82,1.46,0.08,0.14,0.47,-0.44,0.0,0.14,0.13,-0.09
313,Clarke,IPS,MID,5.4,0.2,a,FUL (H),1.0,0.56,46.83,0.14,0.14,2.27,11.36,2.27,2.22,2.21,2.41,2.25,1.35,0.32,0.28,0.16,0.0,0.0,0.13,0.17,-0.13
377,Munoz,LIV,MID,6.5,0.9,a,MCI (H),1.0,0.54,48.79,0.18,0.13,2.16,11.36,2.16,2.27,2.37,2.11,2.46,1.36,0.36,0.23,0.08,0.0,0.0,0.1,0.14,-0.11
186,Mason-Clark,COV,MID,5.3,0.1,a,NEW (H),1.0,0.82,56.07,0.15,0.09,2.3,11.27,2.3,2.11,2.32,2.37,2.17,1.28,0.51,0.25,0.09,0.0,0.0,0.13,0.14,-0.1
358,Kerkez,LIV,DEF,5.3,2.2,a,MCI (H),1.0,0.7,65.69,0.05,0.03,2.07,11.26,2.07,2.12,2.2,2.15,2.72,1.66,0.17,0.08,0.5,-0.41,0.0,0.11,0.12,-0.16
64,Smith,BOU,DEF,4.5,0.1,a,CHE (A),1.0,0.91,77.7,0.02,0.03,1.98,11.19,1.98,2.44,1.74,2.38,2.65,1.82,0.07,0.1,0.55,-0.58,0.0,0.13,0.14,-0.26
136,Welbeck,CHE,FWD,5.9,1.0,a,BOU (H),1.0,0.4,37.4,0.44,0.06,2.28,11.03,2.28,2.11,2.38,2.15,2.11,1.18,0.78,0.12,0.0,0.0,0.0,0.0,0.27,-0.07
104,Onyeka,COV,MID,4.9,0.1,a,NEW (H),1.0,0.75,60.33,0.06,0.08,2.22,11.01,2.22,2.13,2.25,2.26,2.15,1.49,0.2,0.24,0.15,0.0,0.0,0.13,0.11,-0.1
474,Jair Cunha,NFO,DEF,4.5,0.2,a,CRY (A),1.0,0.7,61.52,0.04,0.03,2.37,10.86,2.37,2.17,2.45,1.79,2.08,1.42,0.17,0.09,0.71,-0.29,0.0,0.35,0.07,-0.15
95,O.Dango,BRE,MID,6.3,0.5,a,AVL (A),1.0,0.33,36.69,0.26,0.16,2.11,10.8,2.11,2.16,2.21,2.29,2.03,1.23,0.42,0.23,0.07,0.0,0.0,0.05,0.18,-0.07
280,Coyle,HUL,DEF,4.0,0.7,a,EVE (H),1.0,0.88,65.76,0.04,0.03,2.2,10.77,2.2,2.22,2.12,2.29,1.94,1.65,0.16,0.1,0.58,-0.4,0.0,0.2,0.06,-0.15
194,Thomas-Asante,COV,FWD,5.0,0.8,a,NEW (H),1.0,0.41,42.85,0.26,0.04,2.13,10.44,2.13,1.96,2.14,2.19,2.02,1.29,0.52,0.09,0.0,0.0,0.0,0.14,0.16,-0.06
642,Thomas,HUL,MID,5.5,0.0,a,EVE (H),1.0,0.43,43.34,0.14,0.11,2.07,10.39,2.07,2.16,2.07,2.24,1.84,1.3,0.32,0.22,0.08,0.0,0.0,0.12,0.12,-0.08
33,Mings,AVL,DEF,4.5,0.4,a,BRE (H),1.0,0.54,53.46,0.07,0.03,2.14,10.19,2.14,2.14,1.87,2.33,1.71,1.34,0.26,0.08,0.44,-0.29,0.0,0.3,0.11,-0.1
452,Bruno G.,ARS,MID,6.7,1.8,a,LEE (H),1.0,0.38,36.94,0.19,0.17,2.07,10.14,2.07,1.91,2.09,1.95,2.11,0.98,0.39,0.3,0.11,0.0,0.0,0.1,0.28,-0.08
102,Yarmoliuk,BRE,MID,4.8,0.6,a,AVL (A),1.0,0.6,53.68,0.05,0.07,2.02,10.11,2.02,2.02,2.07,2.07,1.94,1.42,0.13,0.14,0.13,0.0,0.0,0.29,0.05,-0.14
639,Andrés,BHA,MID,5.5,0.0,a,SUN (A),1.0,0.43,40.98,0.2,0.11,1.94,9.8,1.94,2.04,1.9,1.91,2.02,1.12,0.39,0.19,0.09,0.0,0.0,0.12,0.11,-0.08
491,Igor Jesus,NFO,FWD,5.8,2.6,a,CRY (A),1.0,0.29,39.35,0.3,0.05,2.15,9.79,2.15,1.75,2.07,2.02,1.8,1.25,0.6,0.1,0.0,0.0,0.0,0.0,0.25,-0.06
499,Pedro Porro,TOT,DEF,5.4,7.5,d,MUN (A),0.75,0.69,38.66,0.05,0.12,1.26,9.74,1.26,2.5,1.72,2.28,1.97,0.94,0.13,0.21,0.16,-0.37,0.0,0.2,0.1,-0.11
75,Christie,BOU,MID,5.0,0.0,a,CHE (A),1.0,0.39,37.95,0.18,0.09,1.89,9.71,1.89,2.04,1.88,1.98,1.93,1.25,0.33,0.15,0.06,0.0,0.0,0.11,0.09,-0.09
575,Yirenkyi,COV,MID,4.8,0.1,a,NEW (H),1.0,0.52,47.65,0.06,0.08,1.94,9.62,1.94,1.86,1.97,1.97,1.88,1.4,0.18,0.2,0.1,0.0,0.0,0.1,0.09,-0.13
562,Maeda,IPS,MID,5.3,0.2,a,FUL (H),1.0,0.37,38.92,0.18,0.07,1.91,9.56,1.91,1.88,1.86,2.01,1.89,1.27,0.33,0.11,0.1,0.0,0.0,0.07,0.08,-0.07
611,Wan-Bissaka,AVL,DEF,4.5,0.2,a,BRE (H),1.0,0.64,52.67,0.01,0.05,2.01,9.55,2.01,1.98,1.79,2.17,1.6,1.41,0.04,0.12,0.41,-0.28,0.0,0.36,0.04,-0.1
315,Fatawu,IPS,MID,5.4,0.2,s,FUL (H),0.0,0.89,0.0,0.09,0.2,0.0,9.4,0.0,2.29,2.28,2.51,2.33,0.0,0.0,0.0,0.0,0.0,0.0,0.0,0.0,0.0
144,Gusto,CHE,DEF,4.9,0.9,a,BOU (H),1.0,0.51,44.66,0.06,0.09,1.89,9.33,1.89,1.75,2.17,1.77,1.75,1.15,0.18,0.22,0.46,-0.23,0.0,0.06,0.11,-0.06
514,Tel,TOT,MID,5.7,0.2,a,MUN (A),1.0,0.42,38.44,0.14,0.14,1.77,9.28,1.77,2.01,1.79,1.92,1.79,1.08,0.28,0.24,0.04,0.0,0.0,0.04,0.14,-0.05
161,Lavia,CHE,MID,5.0,0.2,a,BOU (H),1.0,0.58,43.27,0.15,0.09,1.89,9.26,1.89,1.78,2.0,1.81,1.78,1.13,0.37,0.2,0.11,0.0,0.0,0.09,0.08,-0.1
583,Chavarria,CHE,DEF,4.9,0.2,a,BOU (H),1.0,0.38,45.45,0.05,0.05,1.86,9.24,1.86,1.76,2.08,1.78,1.76,1.3,0.15,0.12,0.33,-0.21,0.0,0.16,0.09,-0.07
53,Manzambi,AVL,MID,5.9,0.4,a,BRE (H),1.0,0.36,33.31,0.21,0.15,1.85,9.2,1.85,1.96,1.69,1.87,1.84,0.94,0.38,0.24,0.07,0.0,0.0,0.1,0.19,-0.06
371,Gravenberch,LIV,MID,5.8,1.1,a,MCI (H),1.0,0.39,40.33,0.07,0.08,1.78,9.16,1.78,1.83,1.87,1.76,1.92,1.28,0.12,0.11,0.05,0.0,0.0,0.12,0.17,-0.07
238,Grealish,EVE,MID,6.5,0.5,a,HUL (A),1.0,0.33,34.5,0.12,0.19,1.93,9.13,1.93,1.87,1.55,1.86,1.92,1.07,0.25,0.34,0.1,0.0,0.0,0.03,0.2,-0.06
5,J.Timber,ARS,DEF,6.5,0.4,a,LEE (H),1.0,0.38,34.31,0.14,0.06,1.83,9.02,1.83,1.74,1.88,1.61,1.96,0.86,0.32,0.1,0.43,-0.08,0.0,0.08,0.18,-0.07
51,George Hemmings,AVL,MID,4.5,1.2,a,BRE (H),1.0,0.55,46.74,0.06,0.07,1.81,8.99,1.81,1.86,1.71,1.83,1.77,1.31,0.15,0.16,0.1,0.0,0.0,0.09,0.08,-0.08
570,Palacios,FUL,MID,5.4,0.2,a,IPS (A),1.0,0.37,34.02,0.23,0.08,1.69,8.85,1.69,1.85,1.77,1.72,1.82,1.06,0.34,0.1,0.1,0.0,0.0,0.07,0.11,-0.09
387,O'Reilly,MCI,DEF,6.3,10.8,d,LIV (A),0.75,0.29,22.58,0.21,0.1,1.4,8.84,1.4,1.8,1.94,1.74,1.95,0.82,0.26,0.09,0.23,-0.08,0.0,0.03,0.09,-0.04
536,Reinildo,SUN,DEF,4.4,0.3,a,BHA (H),1.0,0.62,54.39,0.01,0.04,1.66,8.79,1.66,1.59,1.8,1.93,1.8,1.26,0.05,0.11,0.43,-0.37,0.0,0.2,0.11,-0.13
522,Gray,TOT,MID,4.9,0.2,a,MUN (A),1.0,0.44,46.27,0.09,0.07,1.68,8.77,1.68,1.89,1.69,1.81,1.7,1.21,0.21,0.15,0.04,0.0,0.0,0.04,0.13,-0.11
253,Andersen,FUL,DEF,5.0,0.2,a,IPS (A),1.0,0.35,34.9,0.04,0.06,1.74,8.7,1.74,1.76,1.76,1.77,1.67,1.0,0.08,0.08,0.37,-0.14,0.0,0.35,0.1,-0.09
142,James,CHE,DEF,5.3,5.7,d,BOU (H),0.75,0.48,33.25,0.06,0.12,1.47,8.69,1.47,1.58,2.11,1.77,1.77,0.82,0.15,0.2,0.33,-0.17,0.0,0.09,0.13,-0.07
337,Aaronson,LEE,MID,5.3,0.5,a,ARS (A),1.0,0.29,35.25,0.14,0.12,1.55,8.6,1.55,1.71,1.75,1.74,1.85,1.19,0.15,0.11,0.04,0.0,0.0,0.05,0.06,-0.05
462,Steur,NEW,MID,4.9,0.1,a,COV (A),1.0,0.41,42.99,0.07,0.07,1.74,8.56,1.74,1.73,1.71,1.69,1.69,1.22,0.17,0.17,0.09,0.0,0.0,0.08,0.09,-0.08
586,Mendy,HUL,DEF,4.1,6.2,a,EVE (H),1.0,0.58,41.32,0.08,0.03,1.73,8.54,1.73,1.76,1.69,1.81,1.54,1.0,0.19,0.06,0.31,-0.24,0.0,0.41,0.08,-0.07
415,Dorgu,MUN,MID,5.8,0.5,d,TOT (H),0.75,0.31,24.74,0.19,0.11,1.5,8.48,1.5,1.53,1.8,1.7,1.95,0.87,0.3,0.15,0.06,0.0,0.0,0.07,0.14,-0.07
473,Aina,NFO,DEF,4.4,2.4,a,CRY (A),1.0,0.62,49.05,0.03,0.07,1.87,8.43,1.87,1.66,1.92,1.39,1.6,1.14,0.1,0.2,0.54,-0.23,0.0,0.13,0.11,-0.13
7,Lewis-Skelly,ARS,MID,5.4,0.6,a,LEE (H),1.0,0.6,44.79,0.07,0.07,1.7,8.38,1.7,1.62,1.71,1.61,1.74,1.13,0.16,0.16,0.2,0.0,0.0,0.08,0.08,-0.1
564,Scherpen,IPS,GKP,4.5,0.6,a,FUL (H),1.0,0.56,48.42,0.0,0.0,1.83,8.33,1.83,1.43,1.67,1.69,1.72,1.1,0.0,0.0,0.63,-0.21,0.23,0.0,0.08,-0.02
306,Greaves,IPS,DEF,4.0,1.1,a,FUL (H),1.0,0.57,49.87,0.02,0.03,1.96,8.26,1.96,1.08,1.68,1.76,1.78,1.15,0.07,0.07,0.65,-0.21,0.0,0.29,0.05,-0.11
640,Flemming,IPS,FWD,5.5,0.1,a,FUL (H),1.0,0.13,26.09,0.42,0.03,1.59,8.13,1.59,1.64,1.57,1.73,1.59,1.07,0.42,0.03,0.0,0.0,0.0,0.0,0.14,-0.07
328,Struijk,BHA,DEF,4.9,0.2,d,SUN (A),0.75,0.42,29.96,0.09,0.03,1.4,8.1,1.4,1.65,1.64,1.51,1.91,0.89,0.15,0.04,0.26,-0.15,0.0,0.22,0.05,-0.06
116,Dunk,BHA,DEF,4.5,1.5,d,SUN (A),0.75,0.61,39.97,0.05,0.02,1.42,8.08,1.42,1.66,1.62,1.41,1.96,0.92,0.11,0.04,0.39,-0.23,0.0,0.23,0.08,-0.12
175,van Ewijk,COV,DEF,4.0,8.6,d,NEW (H),0.75,0.57,37.59,0.02,0.06,1.32,8.04,1.32,1.62,1.75,1.65,1.69,0.86,0.06,0.12,0.34,-0.23,0.0,0.22,0.03,-0.08
393,Khusanov,MCI,DEF,5.4,1.4,a,LIV (A),1.0,0.43,37.24,0.04,0.06,1.55,8.02,1.55,1.57,1.79,1.34,1.77,0.86,0.08,0.09,0.45,-0.17,0.0,0.21,0.09,-0.07
568,Barco,CHE,MID,5.4,0.1,a,BOU (H),1.0,0.35,34.68,0.11,0.11,1.62,7.93,1.62,1.53,1.7,1.55,1.53,1.02,0.23,0.2,0.08,0.0,0.0,0.1,0.1,-0.1
592,Ouattara,IPS,DEF,4.0,0.9,a,FUL (H),1.0,0.34,36.02,0.04,0.04,1.73,7.76,1.73,1.21,1.57,1.63,1.63,1.22,0.08,0.06,0.38,-0.13,0.0,0.14,0.05,-0.06
224,Nketiah,CRY,FWD,5.5,0.5,a,NFO (H),1.0,0.34,28.05,0.41,0.13,1.54,7.74,1.54,1.64,1.55,1.57,1.45,0.86,0.45,0.15,0.0,0.0,0.0,0.0,0.13,-0.06
199,Benitez,CRY,GKP,4.5,0.1,a,NFO (H),1.0,0.55,46.69,0.0,0.0,1.52,7.74,1.52,1.43,1.61,1.69,1.49,1.07,0.0,0.0,0.37,-0.32,0.33,0.0,0.07,-0.03
148,Hato,CHE,DEF,4.5,0.8,a,BOU (H),1.0,0.64,46.71,0.03,0.06,1.54,7.63,1.54,1.43,1.78,1.45,1.43,1.1,0.09,0.14,0.41,-0.23,0.0,0.13,0.05,-0.14
553,Isidor,SUN,FWD,5.5,1.3,a,BHA (H),1.0,0.01,21.19,0.45,0.04,1.51,7.61,1.51,1.5,1.48,1.58,1.53,0.98,0.38,0.03,0.0,0.0,0.0,0.0,0.15,-0.03
398,Foden,MCI,MID,6.9,1.8,s,LIV (A),0.0,0.45,0.0,0.3,0.22,0.0,7.6,0.0,2.14,1.84,1.91,1.7,0.0,0.0,0.0,0.0,0.0,0.0,0.0,0.0,0.0
405,N.Gonzalez,NEW,MID,5.5,0.2,a,COV (A),1.0,0.5,35.06,0.06,0.09,1.53,7.52,1.53,1.52,1.5,1.48,1.48,0.94,0.13,0.16,0.11,0.0,0.0,0.24,0.06,-0.11
289,Crooks,HUL,MID,4.4,0.5,a,EVE (H),1.0,0.62,46.56,0.05,0.08,1.5,7.5,1.5,1.55,1.49,1.6,1.36,1.13,0.13,0.16,0.09,0.0,0.0,0.12,0.08,-0.22
585,Herrington,HUL,DEF,4.0,0.6,a,EVE (H),1.0,0.34,41.3,0.03,0.04,1.52,7.48,1.52,1.53,1.48,1.57,1.38,1.22,0.08,0.07,0.25,-0.22,0.0,0.14,0.04,-0.07
54,Gomes,AVL,MID,5.5,0.0,a,BRE (H),1.0,0.49,36.79,0.06,0.07,1.5,7.47,1.5,1.54,1.43,1.52,1.47,0.86,0.11,0.13,0.08,0.0,0.0,0.34,0.09,-0.1
32,Cash,AVL,DEF,4.4,4.8,a,BRE (H),1.0,0.43,43.44,0.04,0.07,1.55,7.34,1.55,1.55,1.34,1.7,1.21,1.16,0.11,0.15,0.35,-0.23,0.0,0.06,0.08,-0.13
347,Nmecha,LEE,FWD,5.4,0.5,a,ARS (A),1.0,0.04,17.98,0.5,0.11,1.29,7.26,1.29,1.45,1.49,1.48,1.56,0.95,0.22,0.05,0.0,0.0,0.0,0.0,0.09,-0.02
596,Ruggeri,AVL,DEF,4.5,0.1,a,BRE (H),1.0,0.36,33.98,0.05,0.05,1.52,7.25,1.52,1.51,1.35,1.63,1.24,0.94,0.1,0.08,0.29,-0.18,0.0,0.29,0.06,-0.06
90,Hickey,BRE,DEF,4.5,0.1,a,AVL (A),1.0,0.24,31.91,0.05,0.04,1.5,7.19,1.5,1.42,1.55,1.46,1.27,1.13,0.08,0.05,0.26,-0.1,0.0,0.09,0.04,-0.05
576,Stroud,HUL,MID,5.0,0.1,a,EVE (H),1.0,0.58,41.27,0.07,0.07,1.43,7.18,1.43,1.49,1.43,1.53,1.3,0.99,0.16,0.13,0.08,0.0,0.0,0.1,0.08,-0.11
14,Eze,ARS,MID,6.2,1.0,a,LEE (H),1.0,0.1,22.93,0.21,0.13,1.45,7.12,1.45,1.36,1.46,1.39,1.47,0.93,0.27,0.14,0.04,0.0,0.0,0.01,0.09,-0.03
656,Mfuni,COV,DEF,4.0,0.1,a,NEW (H),1.0,0.47,39.53,0.04,0.04,1.4,7.04,1.4,1.46,1.48,1.34,1.36,0.92,0.1,0.09,0.36,-0.24,0.0,0.19,0.05,-0.07
71,Cook,BOU,MID,5.0,0.2,a,CHE (A),1.0,0.19,25.26,0.04,0.06,1.36,6.88,1.36,1.4,1.35,1.39,1.38,1.07,0.06,0.07,0.03,0.0,0.0,0.15,0.04,-0.06
151,Acheampong,CHE,DEF,4.5,0.3,a,BOU (H),1.0,0.25,30.24,0.05,0.03,1.37,6.78,1.37,1.3,1.51,1.31,1.3,0.96,0.11,0.05,0.22,-0.13,0.0,0.11,0.1,-0.05
19,Zubimendi,ARS,MID,5.3,0.6,a,LEE (H),1.0,0.09,23.09,0.1,0.08,1.37,6.78,1.37,1.32,1.37,1.33,1.38,1.06,0.12,0.08,0.03,0.0,0.0,0.03,0.07,-0.04
617,Cho,HUL,MID,5.0,0.0,a,EVE (H),1.0,0.04,18.5,0.26,0.16,1.34,6.75,1.34,1.41,1.35,1.46,1.19,0.93,0.25,0.14,0.01,0.0,0.0,0.01,0.05,-0.04
534,Hume,SUN,DEF,4.3,2.8,a,BHA (H),1.0,0.28,31.84,0.06,0.07,1.29,6.67,1.29,1.25,1.34,1.43,1.36,1.03,0.12,0.09,0.19,-0.18,0.0,0.05,0.05,-0.08
247,Hackney,EVE,MID,5.4,0.2,a,HUL (A),1.0,0.12,22.27,0.1,0.11,1.37,6.66,1.37,1.35,1.22,1.35,1.37,1.02,0.14,0.13,0.03,0.0,0.0,0.03,0.06,-0.04
577,Tomiyasu,CRY,DEF,4.4,0.3,d,NFO (H),0.75,0.46,30.89,0.03,0.04,1.07,6.6,1.07,1.16,1.45,1.58,1.35,0.84,0.06,0.05,0.19,-0.18,0.0,0.11,0.04,-0.05
190,Tchaouna,COV,MID,5.4,0.1,a,NEW (H),1.0,0.24,31.46,0.1,0.08,1.33,6.57,1.33,1.25,1.34,1.36,1.28,0.93,0.19,0.13,0.04,0.0,0.0,0.04,0.05,-0.05
56,Abraham,AVL,FWD,5.5,0.2,a,BRE (H),1.0,0.02,17.13,0.39,0.06,1.31,6.55,1.31,1.37,1.23,1.31,1.32,0.91,0.29,0.05,0.0,0.0,0.0,0.0,0.09,-0.02
519,Gallagher,TOT,MID,5.3,0.2,a,MUN (A),1.0,0.31,28.28,0.12,0.08,1.26,6.53,1.26,1.39,1.27,1.34,1.27,0.88,0.18,0.1,0.02,0.0,0.0,0.07,0.07,-0.07
646,Fofana,SUN,MID,5.5,0.0,a,BHA (H),1.0,0.06,20.44,0.2,0.1,1.29,6.49,1.29,1.28,1.27,1.34,1.3,0.95,0.2,0.09,0.01,0.0,0.0,0.02,0.06,-0.04
74,Brooks,BOU,MID,5.0,0.1,a,CHE (A),1.0,0.02,14.13,0.3,0.2,1.25,6.35,1.25,1.33,1.24,1.29,1.24,0.92,0.21,0.12,0.0,0.0,0.0,0.0,0.04,-0.06
490,Wood,NFO,FWD,5.8,0.9,a,CRY (A),1.0,0.06,17.51,0.39,0.04,1.35,6.26,1.35,1.15,1.31,1.29,1.17,0.9,0.34,0.04,0.0,0.0,0.0,0.0,0.09,-0.02
271,Muniz,FUL,FWD,5.4,0.4,a,IPS (A),1.0,0.07,16.61,0.35,0.03,1.19,6.17,1.19,1.27,1.23,1.21,1.27,0.95,0.2,0.02,0.0,0.0,0.0,0.0,0.06,-0.04
471,Milenković,NFO,DEF,5.4,1.0,i,CRY (A),0.8,0.45,31.38,0.03,0.02,1.3,6.01,1.3,1.2,1.34,1.01,1.16,0.72,0.07,0.04,0.37,-0.15,0.0,0.26,0.04,-0.06
17,Merino,ARS,MID,5.7,0.4,a,LEE (H),1.0,0.02,15.72,0.23,0.13,1.22,5.99,1.22,1.15,1.22,1.18,1.22,0.89,0.19,0.1,0.01,0.0,0.0,0.0,0.06,-0.04
512,Kudus,TOT,MID,6.5,0.2,a,MUN (A),1.0,0.02,21.14,0.13,0.16,1.16,5.9,1.16,1.23,1.16,1.21,1.15,0.81,0.14,0.15,0.0,0.0,0.0,0.0,0.09,-0.04
612,Methalie,SUN,DEF,4.5,0.0,a,BHA (H),1.0,0.39,33.05,0.05,0.05,1.11,5.88,1.11,1.07,1.2,1.29,1.2,0.78,0.1,0.07,0.27,-0.22,0.0,0.16,0.06,-0.09
635,Larsson,FUL,MID,5.0,0.0,a,IPS (A),1.0,0.04,16.19,0.13,0.15,1.13,5.86,1.13,1.2,1.17,1.15,1.2,0.92,0.09,0.09,0.01,0.0,0.0,0.01,0.04,-0.04
327,Bijol,LEE,DEF,5.0,0.7,a,ARS (A),1.0,0.3,26.09,0.05,0.04,1.01,5.78,1.01,1.14,1.19,1.11,1.33,0.69,0.05,0.03,0.15,-0.17,0.0,0.22,0.09,-0.05
101,Henderson,CHE,MID,4.9,0.0,a,BOU (H),1.0,0.36,30.76,0.04,0.11,1.15,5.68,1.15,1.1,1.21,1.11,1.1,0.73,0.07,0.17,0.08,0.0,0.0,0.1,0.08,-0.08
157,Estêvão,CHE,MID,6.3,0.7,a,BOU (H),1.0,0.04,11.57,0.25,0.19,1.16,5.67,1.16,1.1,1.19,1.12,1.1,0.84,0.17,0.11,0.01,0.0,0.0,0.01,0.05,-0.03
119,Costinha,BHA,DEF,4.5,0.0,a,SUN (A),1.0,0.05,17.56,0.07,0.11,1.12,5.58,1.12,1.14,1.1,1.06,1.15,0.97,0.07,0.08,0.04,-0.05,0.0,0.03,0.03,-0.05
631,Mbaye,AVL,MID,6.0,0.1,a,BRE (H),1.0,0.07,16.98,0.15,0.15,1.12,5.56,1.12,1.16,1.05,1.12,1.12,0.79,0.14,0.12,0.01,0.0,0.0,0.02,0.06,-0.03
357,Frimpong,LIV,DEF,5.3,1.8,a,MCI (H),1.0,0.27,26.52,0.05,0.11,1.03,5.55,1.03,1.06,1.1,1.05,1.31,0.79,0.06,0.1,0.19,-0.15,0.0,0.05,0.05,-0.05
633,Ahanor,CRY,DEF,4.5,0.0,a,NFO (H),1.0,0.33,27.86,0.04,0.05,1.08,5.53,1.08,1.0,1.18,1.25,1.03,0.66,0.07,0.06,0.22,-0.19,0.0,0.26,0.05,-0.05
492,Awoniyi,COV,FWD,5.4,0.4,s,NEW (H),0.0,0.5,0.0,0.49,0.07,0.0,5.48,0.0,0.0,1.86,1.93,1.69,0.0,0.0,0.0,0.0,0.0,0.0,0.0,0.0,0.0
488,I.Sangaré,NFO,MID,4.8,0.4,a,CRY (A),1.0,0.16,20.59,0.06,0.08,1.14,5.48,1.14,1.05,1.13,1.1,1.06,0.84,0.08,0.09,0.04,0.0,0.0,0.1,0.03,-0.05
439,Šeško,MUN,FWD,7.0,1.6,d,TOT (H),0.75,0.07,12.36,0.48,0.03,0.97,5.44,0.97,0.97,1.16,1.09,1.25,0.53,0.31,0.02,0.0,0.0,0.0,0.0,0.12,-0.02
25,Gyökeres,ARS,FWD,7.1,3.2,a,LEE (H),1.0,0.07,14.7,0.47,0.09,1.11,5.43,1.11,1.02,1.11,1.06,1.12,0.67,0.3,0.06,0.0,0.0,0.0,0.0,0.1,-0.03
11,Mosquera,ARS,DEF,5.3,1.6,a,LEE (H),1.0,0.25,21.63,0.03,0.05,1.08,5.36,1.08,1.06,1.11,0.94,1.17,0.55,0.04,0.05,0.39,-0.05,0.0,0.1,0.06,-0.05
589,Gourna-Douath,HUL,MID,5.0,0.0,a,EVE (H),1.0,0.19,24.69,0.09,0.08,1.06,5.34,1.06,1.1,1.06,1.13,0.98,0.79,0.11,0.09,0.03,0.0,0.0,0.05,0.06,-0.07
461,Touré,NEW,MID,5.8,0.1,a,COV (A),1.0,0.05,15.39,0.19,0.11,1.08,5.32,1.08,1.08,1.05,1.05,1.06,0.74,0.18,0.09,0.01,0.0,0.0,0.02,0.05,-0.03
369,Ngumoha,LIV,MID,5.7,0.5,a,MCI (H),1.0,0.14,17.83,0.17,0.19,1.0,5.21,1.0,1.04,1.08,0.97,1.12,0.66,0.13,0.12,0.02,0.0,0.0,0.03,0.07,-0.03
198,Henderson,CRY,GKP,4.9,1.3,i,NFO (H),0.8,0.45,31.06,0.0,0.0,1.0,5.11,1.0,0.95,1.06,1.11,0.98,0.71,0.0,0.0,0.25,-0.21,0.23,0.0,0.06,-0.04
300,Walton,IPS,GKP,4.4,0.4,a,FUL (H),1.0,0.35,30.01,0.0,0.0,1.13,5.06,1.13,0.83,1.02,1.03,1.05,0.71,0.0,0.0,0.39,-0.12,0.1,0.0,0.07,-0.02
620,Diouf,BRE,DEF,4.5,0.1,a,AVL (A),1.0,0.13,21.28,0.03,0.08,1.02,4.91,1.02,0.97,1.05,1.0,0.88,0.82,0.03,0.06,0.14,-0.06,0.0,0.04,0.03,-0.04
662,Nicoll-Jazuli,CHE,MID,4.5,0.0,a,BOU (H),1.0,0.06,14.54,0.09,0.09,0.99,4.91,0.99,0.96,1.01,0.97,0.96,0.82,0.08,0.07,0.01,0.0,0.0,0.02,0.04,-0.03
520,Bergvall,TOT,MID,5.3,0.1,a,MUN (A),1.0,0.1,17.34,0.12,0.09,0.96,4.89,0.96,1.02,0.96,1.0,0.96,0.76,0.1,0.07,0.01,0.0,0.0,0.02,0.03,-0.04
195,Simms,COV,FWD,4.9,0.6,a,NEW (H),1.0,0.1,16.2,0.31,0.04,0.98,4.83,0.98,0.91,0.99,1.01,0.94,0.67,0.24,0.04,0.0,0.0,0.0,0.0,0.07,-0.03
400,Doku,MCI,MID,7.4,0.7,a,LIV (A),1.0,0.09,13.66,0.18,0.28,0.92,4.82,0.92,1.08,0.95,0.99,0.89,0.54,0.11,0.15,0.02,0.0,0.0,0.01,0.09,-0.01
246,Röhl,EVE,MID,4.9,0.0,i,HUL (A),0.8,0.38,25.63,0.07,0.08,1.01,4.81,1.01,0.97,0.85,0.97,1.01,0.62,0.11,0.1,0.09,0.0,0.0,0.07,0.06,-0.05
637,Vaz,HUL,FWD,5.0,0.1,a,EVE (H),1.0,0.03,12.35,0.32,0.05,0.94,4.75,0.94,0.98,0.95,1.01,0.87,0.72,0.16,0.03,0.0,0.0,0.0,0.0,0.06,-0.02
263,Kevin,FUL,MID,5.3,0.0,a,IPS (A),1.0,0.02,13.81,0.11,0.13,0.92,4.71,0.92,0.97,0.94,0.93,0.96,0.77,0.07,0.07,0.01,0.0,0.0,0.0,0.02,-0.02
72,Gannon-Doak,BOU,MID,4.9,0.1,a,CHE (A),1.0,0.01,8.33,0.14,0.11,0.93,4.7,0.93,0.96,0.93,0.95,0.93,0.82,0.06,0.04,0.0,0.0,0.0,0.0,0.02,-0.02
343,James,LEE,MID,4.9,0.1,a,ARS (A),1.0,0.03,14.62,0.16,0.1,0.87,4.69,0.87,0.93,0.95,0.95,0.99,0.75,0.07,0.04,0.0,0.0,0.0,0.01,0.02,-0.02
232,O'Brien,EVE,DEF,4.8,0.3,a,HUL (A),1.0,0.13,17.65,0.05,0.03,1.0,4.68,1.0,0.92,0.83,0.93,1.01,0.77,0.06,0.03,0.15,-0.05,0.0,0.04,0.02,-0.03
240,Iroegbunam,HUL,MID,5.0,0.0,a,EVE (H),1.0,0.06,19.37,0.06,0.06,0.93,4.65,0.93,0.95,0.93,0.97,0.88,0.81,0.06,0.05,0.01,0.0,0.0,0.04,0.03,-0.09
515,Maddison,TOT,MID,6.3,0.4,a,MUN (A),1.0,0.02,13.5,0.18,0.13,0.91,4.63,0.91,0.96,0.91,0.95,0.9,0.68,0.12,0.08,0.0,0.0,0.0,0.01,0.05,-0.02
34,Pau,AVL,DEF,4.4,0.3,i,BRE (H),0.8,0.45,26.25,0.06,0.03,0.98,4.62,0.98,0.97,0.85,1.08,0.75,0.66,0.1,0.03,0.24,-0.14,0.0,0.08,0.03,-0.03
70,Kluivert,BOU,MID,6.0,0.8,i,CHE (A),0.0,0.56,0.0,0.22,0.11,0.0,4.6,0.0,0.66,1.0,1.39,1.55,0.0,0.0,0.0,0.0,0.0,0.0,0.0,0.0,0.0
498,Senesi,TOT,DEF,5.8,3.5,a,MUN (A),1.0,0.21,17.98,0.05,0.11,0.74,4.55,0.74,1.17,0.8,0.98,0.86,0.42,0.05,0.09,0.08,-0.18,0.0,0.26,0.06,-0.04
320,Akpom,IPS,FWD,5.0,1.2,a,FUL (H),1.0,0.03,13.25,0.51,0.04,0.87,4.47,0.87,0.91,0.86,0.96,0.87,0.56,0.26,0.02,0.0,0.0,0.0,0.0,0.05,-0.02
440,Zirkzee,MUN,FWD,5.3,0.4,a,TOT (H),1.0,0.02,10.64,0.36,0.05,0.93,4.43,0.93,0.84,0.9,0.84,0.92,0.65,0.2,0.03,0.0,0.0,0.0,0.0,0.07,-0.03
262,Smith Rowe,FUL,MID,5.3,0.2,a,IPS (A),1.0,0.08,14.15,0.19,0.07,0.85,4.39,0.85,0.91,0.88,0.86,0.9,0.66,0.12,0.04,0.02,0.0,0.0,0.01,0.02,-0.02
213,Lerma,CRY,MID,4.8,0.1,a,NFO (H),1.0,0.07,17.54,0.11,0.08,0.86,4.34,0.86,0.89,0.87,0.88,0.84,0.69,0.1,0.06,0.01,0.0,0.0,0.03,0.04,-0.06
125,Georginio,BHA,FWD,5.3,0.5,a,SUN (A),1.0,0.1,15.74,0.2,0.14,0.85,4.31,0.85,0.89,0.84,0.86,0.88,0.62,0.12,0.09,0.0,0.0,0.0,0.01,0.04,-0.02
36,Maatsen,AVL,DEF,4.4,0.5,i,BRE (H),0.0,0.61,0.0,0.07,0.11,0.0,4.29,0.0,0.63,0.91,1.51,1.25,0.0,0.0,0.0,0.0,0.0,0.0,0.0,0.0,0.0
208,Sarr,CRY,MID,6.2,0.6,a,NFO (H),1.0,0.08,12.4,0.38,0.07,0.84,4.25,0.84,0.89,0.85,0.87,0.8,0.53,0.23,0.04,0.01,0.0,0.0,0.01,0.05,-0.02
318,Philogene,IPS,MID,5.4,0.1,a,FUL (H),1.0,0.04,14.97,0.13,0.1,0.82,4.16,0.82,0.83,0.81,0.87,0.82,0.62,0.09,0.07,0.01,0.0,0.0,0.01,0.04,-0.03
559,Bamba,NEW,MID,4.9,0.1,a,COV (A),1.0,0.03,10.97,0.1,0.1,0.83,4.11,0.83,0.83,0.82,0.82,0.82,0.68,0.07,0.06,0.01,0.0,0.0,0.01,0.03,-0.02
571,Florentino,IPS,MID,4.8,0.1,a,FUL (H),1.0,0.07,15.23,0.05,0.04,0.82,4.09,0.82,0.81,0.81,0.83,0.82,0.69,0.03,0.03,0.02,0.0,0.0,0.07,0.02,-0.04
506,Udogie,TOT,DEF,4.4,0.3,a,MUN (A),1.0,0.23,20.63,0.02,0.07,0.64,4.01,0.64,1.05,0.69,0.87,0.76,0.64,0.03,0.06,0.09,-0.18,0.0,0.04,0.02,-0.06
608,Jebbison,BOU,FWD,5.0,0.1,a,CHE (A),1.0,0.03,9.95,0.33,0.05,0.78,3.96,0.78,0.82,0.78,0.8,0.78,0.6,0.13,0.02,0.0,0.0,0.0,0.0,0.04,-0.02
593,Dedić,NEW,DEF,4.5,1.8,i,COV (A),0.0,0.6,0.0,0.05,0.04,0.0,3.93,0.0,0.55,0.96,1.14,1.28,0.0,0.0,0.0,0.0,0.0,0.0,0.0,0.0,0.0
381,Koumas,LIV,MID,5.0,0.0,a,MCI (H),1.0,0.04,9.82,0.17,0.1,0.74,3.8,0.74,0.76,0.78,0.73,0.79,0.62,0.07,0.04,0.01,0.0,0.0,0.01,0.02,-0.02
126,O'Riley,BHA,MID,5.4,0.1,a,SUN (A),1.0,0.01,8.24,0.27,0.11,0.75,3.8,0.75,0.78,0.75,0.75,0.77,0.59,0.1,0.04,0.0,0.0,0.0,0.0,0.03,-0.02
364,Tsimikas,LIV,DEF,4.9,0.1,a,MCI (H),1.0,0.24,19.07,0.06,0.06,0.71,3.8,0.71,0.72,0.75,0.72,0.89,0.51,0.06,0.04,0.12,-0.11,0.0,0.09,0.04,-0.04
182,Amenda,COV,DEF,4.0,0.6,i,NEW (H),0.0,0.57,0.0,0.03,0.07,0.0,3.7,0.0,0.52,0.9,1.05,1.23,0.0,0.0,0.0,0.0,0.0,0.0,0.0,0.0,0.0
643,Chilwell,CRY,DEF,4.5,0.4,a,NFO (H),1.0,0.07,13.05,0.11,0.05,0.73,3.69,0.73,0.72,0.75,0.78,0.71,0.59,0.09,0.03,0.04,-0.06,0.0,0.03,0.02,-0.03
375,Nyoni,LIV,MID,4.9,0.0,a,MCI (H),1.0,0.01,10.05,0.14,0.09,0.72,3.69,0.72,0.74,0.75,0.71,0.76,0.63,0.06,0.03,0.0,0.0,0.0,0.0,0.02,-0.02
309,Núñez,IPS,MID,4.9,0.1,a,FUL (H),1.0,0.21,16.75,0.08,0.08,0.74,3.67,0.74,0.71,0.72,0.76,0.73,0.43,0.07,0.06,0.06,0.0,0.0,0.12,0.04,-0.03
162,Andrey Santos,MUN,MID,4.8,0.6,a,TOT (H),1.0,0.11,13.16,0.12,0.09,0.77,3.65,0.77,0.69,0.74,0.69,0.76,0.53,0.1,0.07,0.03,0.0,0.0,0.04,0.03,-0.03
478,Netz,NFO,DEF,4.4,0.0,a,CRY (A),1.0,0.05,10.74,0.03,0.07,0.72,3.46,0.72,0.68,0.72,0.66,0.67,0.61,0.03,0.04,0.05,-0.03,0.0,0.03,0.02,-0.02
84,Collins,BRE,DEF,5.4,0.9,i,AVL (A),0.0,0.46,0.0,0.08,0.05,0.0,3.45,0.0,0.47,0.9,1.07,1.01,0.0,0.0,0.0,0.0,0.0,0.0,0.0,0.0,0.0
422,Mazraoui,MUN,DEF,4.4,0.5,d,TOT (H),0.75,0.14,11.55,0.05,0.04,0.63,3.44,0.63,0.65,0.71,0.68,0.78,0.41,0.04,0.03,0.13,-0.04,0.0,0.03,0.04,-0.03
160,Garnacho,AVL,MID,5.8,0.3,a,BRE (H),1.0,0.04,8.74,0.2,0.21,0.68,3.41,0.68,0.71,0.64,0.68,0.69,0.48,0.1,0.09,0.01,0.0,0.0,0.01,0.03,-0.02
108,Wilson,BRE,FWD,5.4,0.3,a,AVL (A),1.0,0.03,7.41,0.48,0.05,0.66,3.38,0.66,0.68,0.68,0.7,0.65,0.5,0.13,0.01,0.0,0.0,0.0,0.0,0.04,-0.01
188,Torp,COV,MID,5.3,0.1,a,NEW (H),1.0,0.04,10.75,0.11,0.13,0.66,3.27,0.66,0.63,0.67,0.68,0.64,0.49,0.07,0.07,0.01,0.0,0.0,0.01,0.03,-0.02
9,Hincapie,ARS,DEF,5.2,0.9,a,LEE (H),1.0,0.08,10.81,0.03,0.08,0.65,3.24,0.65,0.64,0.66,0.6,0.69,0.41,0.02,0.04,0.12,-0.02,0.0,0.05,0.05,-0.02
123,Hinshelwood,BHA,MID,5.9,0.6,i,SUN (A),0.8,0.2,12.2,0.31,0.12,0.64,3.23,0.64,0.68,0.62,0.63,0.67,0.31,0.18,0.06,0.03,0.0,0.0,0.02,0.05,-0.01
454,Elanga,NEW,MID,6.1,4.4,i,COV (A),0.0,0.38,0.0,0.14,0.13,0.0,3.23,0.0,0.45,0.74,0.94,1.09,0.0,0.0,0.0,0.0,0.0,0.0,0.0,0.0,0.0
241,McNeil,CRY,MID,5.3,0.1,a,NFO (H),1.0,0.15,13.87,0.11,0.13,0.64,3.2,0.64,0.65,0.64,0.66,0.61,0.41,0.07,0.07,0.03,0.0,0.0,0.04,0.03,-0.02
164,Quenda,CHE,MID,5.3,0.0,a,BOU (H),1.0,0.04,9.85,0.12,0.11,0.64,3.15,0.64,0.62,0.66,0.62,0.62,0.48,0.07,0.06,0.01,0.0,0.0,0.01,0.03,-0.02
52,Alysson,AVL,MID,5.0,0.0,d,BRE (H),0.75,0.01,9.04,0.1,0.09,0.52,3.13,0.52,0.62,0.62,0.67,0.69,0.43,0.05,0.04,0.0,0.0,0.0,0.0,0.02,-0.03
16,Madueke,ARS,MID,6.2,0.2,a,LEE (H),1.0,0.07,9.78,0.12,0.18,0.62,3.06,0.62,0.59,0.63,0.6,0.63,0.39,0.06,0.09,0.03,0.0,0.0,0.01,0.05,-0.01
260,Wilson,LEE,MID,6.2,1.6,i,ARS (A),0.0,0.17,0.0,0.18,0.15,0.0,3.03,0.0,0.39,0.68,0.87,1.08,0.0,0.0,0.0,0.0,0.0,0.0,0.0,0.0,0.0
81,Rodríguez,BOU,FWD,6.0,0.1,a,CHE (A),1.0,0.04,7.92,0.37,0.06,0.59,3.0,0.59,0.62,0.59,0.61,0.59,0.42,0.12,0.02,0.0,0.0,0.0,0.0,0.04,-0.01
600,Osman,BHA,MID,5.0,0.0,a,SUN (A),1.0,0.04,9.34,0.11,0.11,0.59,2.99,0.59,0.61,0.59,0.59,0.61,0.48,0.05,0.04,0.01,0.0,0.0,0.01,0.02,-0.02
269,Sessegnon,FUL,DEF,4.3,0.3,a,IPS (A),1.0,0.03,9.57,0.08,0.11,0.59,2.99,0.59,0.61,0.6,0.59,0.6,0.46,0.04,0.04,0.04,-0.02,0.0,0.02,0.03,-0.01
648,Bahoya,LEE,MID,5.0,0.0,a,ARS (A),1.0,0.04,8.95,0.11,0.11,0.56,2.97,0.56,0.59,0.6,0.6,0.62,0.48,0.03,0.03,0.01,0.0,0.0,0.01,0.02,-0.02
120,Svoboda,BHA,DEF,5.0,0.1,a,SUN (A),1.0,0.08,10.85,0.06,0.06,0.6,2.94,0.6,0.61,0.58,0.54,0.62,0.47,0.04,0.03,0.06,-0.04,0.0,0.04,0.03,-0.02
430,Mount,MUN,MID,5.4,0.0,a,TOT (H),1.0,0.03,8.65,0.14,0.13,0.61,2.93,0.61,0.56,0.6,0.56,0.61,0.43,0.08,0.07,0.01,0.0,0.0,0.01,0.03,-0.02
212,Hughes,CRY,MID,4.4,7.3,a,NFO (H),1.0,0.06,11.22,0.07,0.11,0.58,2.89,0.58,0.59,0.58,0.59,0.56,0.5,0.04,0.05,0.01,0.0,0.0,0.01,0.01,-0.04
76,Tóth.A,BOU,MID,4.9,0.0,a,CHE (A),1.0,0.02,7.9,0.1,0.12,0.57,2.87,0.57,0.59,0.57,0.58,0.57,0.48,0.04,0.04,0.0,0.0,0.0,0.01,0.02,-0.02
584,Hamer,COV,MID,5.4,0.1,a,NEW (H),1.0,0.04,8.57,0.12,0.11,0.57,2.84,0.57,0.55,0.58,0.59,0.56,0.43,0.06,0.05,0.01,0.0,0.0,0.01,0.03,-0.02
97,Jensen,BRE,MID,5.4,0.1,i,AVL (A),0.8,0.19,12.12,0.1,0.22,0.54,2.76,0.54,0.55,0.57,0.58,0.51,0.3,0.05,0.11,0.04,0.0,0.0,0.04,0.02,-0.02
616,Bouaddi,MCI,MID,5.5,0.2,a,LIV (A),1.0,0.05,8.56,0.13,0.14,0.53,2.72,0.53,0.58,0.54,0.55,0.52,0.39,0.05,0.05,0.01,0.0,0.0,0.02,0.03,-0.02
420,Yoro,MUN,DEF,4.8,0.5,a,TOT (H),1.0,0.06,9.7,0.07,0.04,0.57,2.68,0.57,0.52,0.53,0.5,0.55,0.42,0.05,0.02,0.07,-0.02,0.0,0.02,0.02,-0.01
638,Norton-Cuffy,HUL,DEF,4.0,0.2,d,EVE (H),0.75,0.04,8.51,0.05,0.05,0.44,2.65,0.44,0.52,0.55,0.59,0.55,0.41,0.03,0.02,0.02,-0.03,0.0,0.01,0.01,-0.03
594,David,BHA,FWD,5.9,0.2,a,SUN (A),1.0,0.04,7.68,0.45,0.05,0.52,2.64,0.52,0.55,0.51,0.52,0.54,0.36,0.13,0.02,0.0,0.0,0.0,0.0,0.04,-0.02
641,Bard,LEE,DEF,4.5,0.0,a,ARS (A),1.0,0.07,10.44,0.05,0.05,0.46,2.57,0.46,0.51,0.52,0.5,0.57,0.41,0.02,0.01,0.04,-0.05,0.0,0.03,0.02,-0.02
450,Livramento,NEW,DEF,4.9,0.1,d,COV (A),0.75,0.05,8.2,0.03,0.06,0.44,2.55,0.44,0.5,0.54,0.54,0.54,0.36,0.02,0.03,0.04,-0.02,0.0,0.01,0.02,-0.02
595,Gozo,CRY,MID,4.9,0.0,a,NFO (H),1.0,0.03,8.27,0.1,0.1,0.5,2.49,0.5,0.51,0.5,0.5,0.48,0.4,0.04,0.03,0.01,0.0,0.0,0.01,0.02,-0.02
446,Schär,NEW,DEF,4.9,0.2,a,COV (A),1.0,0.02,7.69,0.07,0.05,0.51,2.48,0.51,0.5,0.5,0.49,0.49,0.42,0.04,0.02,0.02,-0.02,0.0,0.02,0.01,-0.01
223,Mateta,CRY,FWD,6.3,1.3,i,NFO (H),0.8,0.11,8.29,0.56,0.05,0.49,2.48,0.49,0.53,0.49,0.5,0.46,0.26,0.18,0.02,0.0,0.0,0.0,0.0,0.05,-0.01
20,Dowman,ARS,MID,5.3,0.1,d,LEE (H),0.75,0.02,5.54,0.22,0.14,0.42,2.47,0.42,0.46,0.52,0.52,0.55,0.3,0.07,0.04,0.01,0.0,0.0,0.01,0.02,-0.01
339,Longstaff,LEE,MID,4.8,0.1,a,ARS (A),1.0,0.01,5.58,0.11,0.14,0.45,2.35,0.45,0.47,0.48,0.47,0.49,0.4,0.02,0.02,0.0,0.0,0.0,0.0,0.02,-0.01
323,McAteer,IPS,MID,4.4,1.0,a,FUL (H),1.0,0.02,7.43,0.09,0.08,0.46,2.32,0.46,0.46,0.46,0.48,0.46,0.39,0.03,0.03,0.01,0.0,0.0,0.01,0.02,-0.02
535,Alderete,SUN,DEF,4.8,0.2,a,BHA (H),1.0,0.12,10.98,0.05,0.04,0.44,2.29,0.44,0.43,0.46,0.49,0.47,0.3,0.03,0.02,0.08,-0.07,0.0,0.08,0.02,-0.02
130,Wieffer,BHA,DEF,4.9,0.2,i,SUN (A),0.0,0.29,0.0,0.08,0.08,0.0,2.29,0.0,0.33,0.51,0.58,0.86,0.0,0.0,0.0,0.0,0.0,0.0,0.0,0.0,0.0
153,Disasi,CRY,DEF,4.5,0.1,s,NFO (H),0.0,0.49,0.0,0.06,0.02,0.0,2.28,0.0,0.0,0.0,1.25,1.03,0.0,0.0,0.0,0.0,0.0,0.0,0.0,0.0,0.0
548,Rigg,SUN,MID,4.9,0.0,a,BHA (H),1.0,0.06,8.39,0.1,0.1,0.45,2.28,0.45,0.45,0.45,0.47,0.46,0.35,0.04,0.04,0.01,0.0,0.0,0.01,0.02,-0.02
421,Heaven,MUN,DEF,4.3,0.3,a,TOT (H),1.0,0.12,10.3,0.05,0.03,0.5,2.23,0.5,0.43,0.44,0.4,0.47,0.25,0.04,0.02,0.14,-0.04,0.0,0.08,0.03,-0.02
245,Dibling,EVE,MID,5.4,0.0,a,HUL (A),1.0,0.01,7.29,0.13,0.11,0.45,2.2,0.45,0.45,0.4,0.45,0.45,0.35,0.06,0.04,0.0,0.0,0.0,0.01,0.02,-0.02
179,Latibeaudiere,COV,DEF,4.0,0.0,a,NEW (H),1.0,0.03,7.06,0.05,0.05,0.44,2.2,0.44,0.44,0.45,0.44,0.43,0.39,0.02,0.02,0.02,-0.02,0.0,0.02,0.01,-0.01
647,Osorio,CRY,MID,5.5,0.0,a,NFO (H),1.0,0.06,7.42,0.13,0.12,0.44,2.19,0.44,0.45,0.44,0.45,0.42,0.31,0.05,0.04,0.01,0.0,0.0,0.02,0.02,-0.02
207,Mingueza,CRY,DEF,4.4,0.1,a,NFO (H),1.0,0.05,7.87,0.05,0.05,0.43,2.18,0.43,0.42,0.45,0.46,0.42,0.37,0.02,0.02,0.03,-0.04,0.0,0.03,0.01,-0.02
159,Caicedo,CHE,MID,5.3,1.0,d,BOU (H),0.5,0.12,5.79,0.06,0.08,0.27,2.16,0.27,0.39,0.49,0.49,0.51,0.17,0.02,0.03,0.01,0.0,0.0,0.04,0.02,-0.02
100,Carvalho,BRE,MID,5.0,0.0,a,AVL (A),1.0,0.01,5.18,0.27,0.1,0.42,2.12,0.42,0.43,0.43,0.44,0.41,0.33,0.06,0.02,0.0,0.0,0.0,0.0,0.02,-0.01
599,Cherif,COV,FWD,5.0,0.1,a,NEW (H),1.0,0.03,7.1,0.31,0.05,0.43,2.1,0.43,0.39,0.43,0.44,0.41,0.29,0.1,0.02,0.0,0.0,0.0,0.0,0.03,-0.01
231,Keane,EVE,DEF,4.8,0.7,a,HUL (A),1.0,0.09,8.36,0.08,0.03,0.45,2.06,0.45,0.4,0.34,0.4,0.47,0.21,0.05,0.01,0.11,-0.03,0.0,0.08,0.03,-0.01
539,O'Nien,SUN,DEF,3.9,2.5,a,BHA (H),1.0,0.14,11.13,0.03,0.03,0.39,2.06,0.39,0.38,0.42,0.45,0.42,0.3,0.02,0.02,0.09,-0.07,0.0,0.05,0.01,-0.03
487,Dominguez,NFO,MID,4.9,0.1,a,CRY (A),1.0,0.06,7.7,0.11,0.08,0.43,2.02,0.43,0.38,0.42,0.41,0.39,0.3,0.05,0.03,0.02,0.0,0.0,0.02,0.02,-0.02
340,Gelhardt,HUL,MID,5.0,0.0,a,EVE (H),1.0,0.01,5.49,0.13,0.11,0.4,2.01,0.4,0.41,0.4,0.42,0.37,0.33,0.04,0.03,0.0,0.0,0.0,0.0,0.02,-0.01
406,Kovačić,MCI,MID,5.3,0.1,a,LIV (A),1.0,0.02,6.48,0.11,0.13,0.37,1.9,0.37,0.41,0.38,0.39,0.36,0.28,0.03,0.03,0.01,0.0,0.0,0.01,0.02,-0.01
42,Guessand,CRY,MID,5.4,0.0,a,NFO (H),1.0,0.03,7.33,0.14,0.1,0.37,1.86,0.37,0.38,0.37,0.38,0.36,0.28,0.05,0.03,0.01,0.0,0.0,0.01,0.01,-0.01
256,Tete,FUL,DEF,4.4,0.2,a,IPS (A),1.0,0.04,7.28,0.05,0.07,0.36,1.83,0.36,0.37,0.37,0.37,0.36,0.28,0.02,0.02,0.04,-0.02,0.0,0.02,0.02,-0.02
255,J.Cuenca,FUL,DEF,4.5,0.0,a,IPS (A),1.0,0.09,7.82,0.02,0.05,0.36,1.77,0.36,0.36,0.36,0.36,0.34,0.19,0.01,0.02,0.09,-0.03,0.0,0.1,0.01,-0.03
325,Darlow,MUN,GKP,4.5,0.0,d,TOT (H),0.75,0.12,7.62,0.0,0.0,0.31,1.75,0.31,0.34,0.36,0.36,0.39,0.18,0.0,0.0,0.11,-0.03,0.04,0.0,0.02,-0.0
621,McAidoo,MCI,MID,4.5,0.1,a,LIV (A),1.0,0.01,4.21,0.11,0.09,0.33,1.69,0.33,0.35,0.34,0.34,0.33,0.29,0.02,0.02,0.0,0.0,0.0,0.0,0.01,-0.01
147,Tosin,TOT,DEF,4.4,0.1,a,MUN (A),1.0,0.03,5.67,0.03,0.05,0.31,1.66,0.31,0.37,0.32,0.35,0.33,0.29,0.01,0.01,0.01,-0.03,0.0,0.02,0.01,-0.01
587,Rulli,MCI,GKP,5.0,0.0,a,LIV (A),1.0,0.1,8.24,0.0,0.0,0.32,1.65,0.32,0.31,0.36,0.29,0.36,0.2,0.0,0.0,0.1,-0.04,0.04,0.0,0.02,-0.01
549,Talbi,SUN,MID,5.3,0.1,a,BHA (H),1.0,0.06,7.08,0.12,0.08,0.33,1.64,0.33,0.32,0.32,0.34,0.33,0.23,0.04,0.03,0.01,0.0,0.0,0.01,0.02,-0.01
563,Morita,HUL,MID,4.9,0.0,i,EVE (H),0.8,0.14,8.37,0.1,0.09,0.33,1.64,0.33,0.34,0.33,0.35,0.29,0.2,0.04,0.04,0.02,0.0,0.0,0.03,0.02,-0.02
456,J.Ramsey,NEW,MID,4.8,0.2,i,COV (A),0.0,0.08,0.0,0.09,0.1,0.0,1.62,0.0,0.22,0.37,0.48,0.55,0.0,0.0,0.0,0.0,0.0,0.0,0.0,0.0,0.0
395,Lewis,MCI,DEF,4.4,0.2,a,LIV (A),1.0,0.1,7.5,0.07,0.14,0.31,1.61,0.31,0.33,0.35,0.28,0.34,0.17,0.03,0.04,0.08,-0.03,0.0,0.03,0.02,-0.02
392,Aït-Nouri,MCI,DEF,5.2,0.4,a,LIV (A),1.0,0.07,6.15,0.06,0.13,0.3,1.58,0.3,0.32,0.35,0.27,0.34,0.16,0.02,0.03,0.07,-0.03,0.0,0.02,0.04,-0.01
482,Hudson-Odoi,NFO,MID,5.8,0.1,a,CRY (A),1.0,0.05,5.57,0.14,0.14,0.34,1.58,0.34,0.29,0.33,0.32,0.3,0.21,0.05,0.04,0.01,0.0,0.0,0.01,0.02,-0.01
465,Osula,NEW,FWD,5.8,0.3,i,COV (A),0.0,0.16,0.0,0.4,0.07,0.0,1.55,0.0,0.22,0.35,0.45,0.53,0.0,0.0,0.0,0.0,0.0,0.0,0.0,0.0,0.0
574,Hjertø-Dahl,HUL,MID,4.9,0.1,a,EVE (H),1.0,0.03,5.37,0.1,0.1,0.31,1.54,0.31,0.32,0.31,0.33,0.28,0.23,0.03,0.02,0.01,0.0,0.0,0.01,0.01,-0.01
628,Allan,MCI,MID,6.0,0.0,a,LIV (A),1.0,0.07,6.09,0.16,0.13,0.28,1.48,0.28,0.33,0.3,0.3,0.28,0.16,0.04,0.03,0.02,0.0,0.0,0.02,0.02,-0.01
243,Alcaraz,EVE,MID,4.9,0.1,a,HUL (A),1.0,0.01,3.62,0.14,0.09,0.3,1.48,0.3,0.3,0.28,0.3,0.3,0.26,0.03,0.02,0.0,0.0,0.0,0.0,0.01,-0.01
655,Gboho,COV,MID,5.5,0.0,a,NEW (H),1.0,0.07,6.17,0.14,0.12,0.29,1.44,0.29,0.27,0.3,0.3,0.28,0.16,0.05,0.04,0.01,0.0,0.0,0.02,0.02,-0.01
152,Palestra,CHE,DEF,5.3,0.6,d,BOU (H),0.5,0.09,3.81,0.07,0.07,0.17,1.37,0.17,0.24,0.34,0.3,0.31,0.1,0.02,0.01,0.04,-0.02,0.0,0.02,0.01,-0.01
622,Braithwaite,MCI,DEF,4.0,0.2,a,LIV (A),1.0,0.03,4.68,0.05,0.05,0.26,1.31,0.26,0.26,0.28,0.24,0.27,0.2,0.01,0.01,0.04,-0.02,0.0,0.02,0.01,-0.01
185,Sakamoto,COV,MID,4.8,0.1,a,NEW (H),1.0,0.03,5.22,0.1,0.1,0.26,1.28,0.26,0.25,0.26,0.27,0.25,0.18,0.03,0.03,0.01,0.0,0.0,0.01,0.01,-0.01
35,Bogarde,AVL,MID,4.9,0.1,a,BRE (H),1.0,0.05,6.16,0.04,0.05,0.26,1.27,0.26,0.26,0.24,0.26,0.25,0.21,0.01,0.02,0.01,0.0,0.0,0.01,0.02,-0.02
497,Dubravka,TOT,GKP,4.0,17.1,a,MUN (A),1.0,0.08,6.51,0.0,0.0,0.23,1.26,0.23,0.29,0.24,0.26,0.24,0.15,0.0,0.0,0.03,-0.06,0.1,0.0,0.01,-0.0
351,Mamardashvili,LIV,GKP,4.8,0.1,a,MCI (H),1.0,0.08,6.37,0.0,0.0,0.24,1.24,0.24,0.24,0.24,0.25,0.27,0.15,0.0,0.0,0.05,-0.04,0.07,0.0,0.01,-0.0
29,M.Bizot,AVL,GKP,4.5,0.1,i,BRE (H),0.8,0.11,7.5,0.0,0.0,0.25,1.22,0.25,0.25,0.23,0.27,0.22,0.17,0.0,0.0,0.07,-0.04,0.05,0.0,0.01,-0.01
131,Baleba,MUN,MID,4.9,0.1,a,TOT (H),1.0,0.06,6.06,0.06,0.06,0.25,1.21,0.25,0.23,0.24,0.23,0.25,0.17,0.02,0.02,0.02,0.0,0.0,0.03,0.01,-0.02
442,Pope,NEW,GKP,4.9,0.9,a,COV (A),1.0,0.08,6.58,0.0,0.0,0.25,1.21,0.25,0.24,0.25,0.24,0.23,0.15,0.0,0.0,0.08,-0.03,0.03,0.0,0.01,-0.01
665,Mills,NEW,MID,4.5,0.0,a,COV (A),1.0,0.06,5.32,0.09,0.09,0.24,1.17,0.24,0.24,0.23,0.23,0.23,0.15,0.03,0.03,0.01,0.0,0.0,0.02,0.01,-0.01
666,Thompson,NEW,MID,4.5,0.0,a,COV (A),1.0,0.06,5.32,0.09,0.09,0.24,1.17,0.24,0.24,0.23,0.23,0.23,0.15,0.03,0.03,0.01,0.0,0.0,0.02,0.01,-0.01
543,Diarra,SUN,MID,5.3,0.0,i,BHA (H),0.0,0.08,0.0,0.18,0.09,0.0,1.17,0.0,0.15,0.26,0.35,0.4,0.0,0.0,0.0,0.0,0.0,0.0,0.0,0.0,0.0
6,Saliba,ARS,DEF,5.9,0.2,i,LEE (H),0.0,0.12,0.0,0.04,0.05,0.0,1.16,0.0,0.15,0.27,0.3,0.43,0.0,0.0,0.0,0.0,0.0,0.0,0.0,0.0,0.0
630,Harwood-Bellis,AVL,DEF,4.5,0.0,a,BRE (H),1.0,0.07,5.8,0.05,0.06,0.24,1.14,0.24,0.24,0.21,0.26,0.19,0.15,0.02,0.02,0.05,-0.03,0.0,0.03,0.01,-0.01
359,Gomez,LIV,DEF,4.9,0.0,a,MCI (H),1.0,0.04,4.88,0.05,0.08,0.2,1.06,0.2,0.2,0.21,0.2,0.24,0.16,0.01,0.01,0.03,-0.03,0.0,0.01,0.01,-0.02
121,Mitoma,BHA,MID,5.9,0.0,i,SUN (A),0.8,0.06,4.55,0.19,0.14,0.21,1.06,0.21,0.22,0.2,0.21,0.22,0.13,0.04,0.03,0.01,0.0,0.0,0.01,0.01,-0.01
448,Burn,NEW,DEF,4.8,0.7,i,COV (A),0.0,0.08,0.0,0.05,0.03,0.0,1.06,0.0,0.27,0.28,0.26,0.25,0.0,0.0,0.0,0.0,0.0,0.0,0.0,0.0,0.0
308,Furlong,IPS,DEF,3.9,0.6,a,FUL (H),1.0,0.03,4.47,0.04,0.05,0.23,1.05,0.23,0.18,0.21,0.22,0.22,0.18,0.01,0.01,0.03,-0.01,0.0,0.01,0.01,-0.01
664,Salia,NEW,FWD,4.5,0.1,a,COV (A),1.0,0.04,4.16,0.31,0.05,0.21,1.03,0.21,0.21,0.2,0.2,0.2,0.12,0.06,0.01,0.0,0.0,0.0,0.0,0.02,-0.01
614,Hadjam,BHA,DEF,4.5,0.0,a,SUN (A),1.0,0.06,5.15,0.05,0.06,0.21,1.01,0.21,0.21,0.19,0.17,0.22,0.13,0.02,0.01,0.05,-0.03,0.0,0.03,0.01,-0.01
618,Goretzka,AVL,MID,5.9,0.0,i,BRE (H),0.8,0.06,4.17,0.15,0.13,0.2,1.0,0.2,0.21,0.18,0.2,0.2,0.11,0.04,0.03,0.01,0.0,0.0,0.02,0.02,-0.01
615,Di Gregorio,BOU,GKP,4.5,0.0,a,CHE (A),1.0,0.06,5.23,0.0,0.0,0.19,0.98,0.19,0.2,0.18,0.2,0.21,0.13,0.0,0.0,0.03,-0.04,0.05,0.0,0.01,-0.0
489,Yates,NFO,MID,4.5,1.2,a,CRY (A),1.0,0.02,3.68,0.08,0.08,0.2,0.95,0.2,0.18,0.2,0.19,0.18,0.16,0.02,0.02,0.0,0.0,0.0,0.01,0.01,-0.01
285,McNair,HUL,DEF,4.0,0.1,a,EVE (H),1.0,0.03,4.48,0.04,0.05,0.19,0.94,0.19,0.19,0.19,0.2,0.17,0.15,0.01,0.01,0.02,-0.02,0.0,0.02,0.01,-0.01
431,Amad,MUN,MID,5.7,0.3,i,TOT (H),0.0,0.09,0.0,0.19,0.17,0.0,0.92,0.0,0.11,0.22,0.25,0.34,0.0,0.0,0.0,0.0,0.0,0.0,0.0,0.0,0.0
85,Van den Berg,BRE,DEF,4.9,0.1,i,AVL (A),0.0,0.11,0.0,0.1,0.05,0.0,0.91,0.0,0.12,0.24,0.28,0.27,0.0,0.0,0.0,0.0,0.0,0.0,0.0,0.0,0.0
321,Walle Egeli,IPS,FWD,4.5,3.5,a,FUL (H),1.0,0.02,3.03,0.3,0.05,0.18,0.9,0.18,0.18,0.18,0.19,0.18,0.13,0.04,0.01,0.0,0.0,0.0,0.0,0.01,-0.01
652,Azeez,BHA,MID,5.5,0.0,i,SUN (A),0.8,0.06,4.04,0.14,0.12,0.18,0.9,0.18,0.19,0.18,0.18,0.19,0.11,0.03,0.02,0.01,0.0,0.0,0.02,0.01,-0.01
89,Henry,BRE,DEF,4.4,0.2,a,AVL (A),1.0,0.03,3.55,0.03,0.04,0.18,0.89,0.18,0.18,0.19,0.18,0.16,0.15,0.0,0.01,0.03,-0.01,0.0,0.0,0.0,-0.01
636,Ángel,FUL,MID,5.0,0.0,a,IPS (A),1.0,0.04,4.01,0.11,0.11,0.17,0.88,0.17,0.18,0.18,0.17,0.18,0.11,0.02,0.02,0.01,0.0,0.0,0.01,0.01,-0.01
573,Sanchez,BOU,DEF,4.4,0.2,a,CHE (A),1.0,0.05,4.41,0.05,0.05,0.16,0.88,0.16,0.19,0.15,0.18,0.2,0.11,0.01,0.01,0.03,-0.03,0.0,0.03,0.01,-0.01
645,Mouzakitis,HUL,MID,5.0,0.0,a,EVE (H),1.0,0.04,4.01,0.11,0.11,0.17,0.88,0.17,0.18,0.17,0.19,0.16,0.11,0.02,0.02,0.01,0.0,0.0,0.01,0.01,-0.01
396,Vitor Reis,MCI,DEF,4.5,0.0,a,LIV (A),1.0,0.02,2.75,0.05,0.06,0.17,0.86,0.17,0.17,0.18,0.16,0.18,0.14,0.01,0.01,0.02,-0.01,0.0,0.01,0.01,-0.01
135,Yohanna,BHA,MID,4.8,0.0,i,SUN (A),0.8,0.03,3.3,0.1,0.11,0.17,0.84,0.17,0.17,0.16,0.16,0.17,0.12,0.02,0.01,0.01,0.0,0.0,0.01,0.01,-0.01
206,Chadi Riad,CRY,DEF,4.3,0.0,i,NFO (H),0.0,0.13,0.0,0.05,0.04,0.0,0.83,0.0,0.1,0.2,0.28,0.26,0.0,0.0,0.0,0.0,0.0,0.0,0.0,0.0,0.0
659,Miley,NEW,MID,4.5,0.0,a,COV (A),1.0,0.04,3.63,0.09,0.09,0.16,0.8,0.16,0.16,0.16,0.16,0.16,0.1,0.02,0.02,0.01,0.0,0.0,0.01,0.01,-0.01
172,Wilson,COV,GKP,4.4,0.4,a,NEW (H),1.0,0.05,4.17,0.0,0.0,0.15,0.77,0.15,0.16,0.16,0.15,0.15,0.11,0.0,0.0,0.04,-0.02,0.03,0.0,0.01,-0.0
266,Cairney,FUL,MID,4.9,0.0,i,IPS (A),0.8,0.04,3.44,0.13,0.1,0.15,0.76,0.15,0.16,0.15,0.15,0.16,0.1,0.02,0.01,0.01,0.0,0.0,0.01,0.01,-0.01
658,Ibrahim,BHA,MID,4.5,0.0,a,SUN (A),1.0,0.04,3.63,0.09,0.09,0.15,0.75,0.15,0.16,0.15,0.15,0.15,0.1,0.01,0.01,0.01,0.0,0.0,0.01,0.01,-0.01
2,Arrizabalaga,ARS,GKP,4.9,0.1,a,LEE (H),1.0,0.04,3.05,0.0,0.0,0.14,0.72,0.14,0.14,0.15,0.13,0.15,0.07,0.0,0.0,0.06,-0.01,0.02,0.0,0.01,-0.0
531,Ellborg,SUN,GKP,4.4,0.1,a,BHA (H),1.0,0.05,3.8,0.0,0.0,0.14,0.71,0.14,0.14,0.14,0.15,0.14,0.09,0.0,0.0,0.03,-0.03,0.03,0.0,0.01,-0.0
435,Lacey,MUN,MID,4.9,0.1,a,TOT (H),1.0,0.01,2.24,0.11,0.1,0.14,0.7,0.14,0.13,0.14,0.13,0.14,0.11,0.02,0.01,0.0,0.0,0.0,0.0,0.01,-0.0
310,Matusiwa,IPS,MID,4.9,0.0,a,FUL (H),1.0,0.03,3.12,0.11,0.1,0.14,0.68,0.14,0.13,0.13,0.14,0.13,0.08,0.02,0.01,0.01,0.0,0.0,0.01,0.01,-0.01
292,Ömür,HUL,MID,4.9,0.0,a,EVE (H),1.0,0.03,3.12,0.11,0.1,0.13,0.68,0.13,0.14,0.13,0.15,0.12,0.08,0.02,0.01,0.01,0.0,0.0,0.01,0.01,-0.01
493,Kalimuendo,NFO,FWD,5.4,0.1,a,CRY (A),1.0,0.01,1.84,0.36,0.05,0.14,0.64,0.14,0.12,0.13,0.13,0.12,0.09,0.03,0.01,0.0,0.0,0.0,0.0,0.01,-0.0
653,Samba,MCI,MID,4.5,0.0,a,LIV (A),1.0,0.03,2.96,0.09,0.09,0.12,0.64,0.12,0.14,0.13,0.13,0.12,0.08,0.01,0.01,0.01,0.0,0.0,0.01,0.01,-0.01
444,Jaouen,NEW,GKP,4.4,0.0,d,COV (A),0.5,0.05,2.09,0.0,0.0,0.08,0.64,0.08,0.12,0.14,0.15,0.15,0.05,0.0,0.0,0.02,-0.01,0.01,0.0,0.01,-0.0
324,Mehmeti,IPS,MID,4.8,0.0,a,FUL (H),1.0,0.03,2.95,0.1,0.1,0.13,0.64,0.13,0.12,0.12,0.13,0.13,0.08,0.01,0.01,0.01,0.0,0.0,0.01,0.01,-0.01
169,Mheuka,CHE,FWD,4.5,0.5,a,BOU (H),1.0,0.01,1.83,0.31,0.05,0.12,0.61,0.12,0.12,0.13,0.12,0.12,0.09,0.03,0.0,0.0,0.0,0.0,0.0,0.01,-0.0
178,Bidwell,COV,DEF,4.0,0.1,a,NEW (H),1.0,0.03,2.99,0.05,0.05,0.12,0.61,0.12,0.12,0.13,0.12,0.12,0.08,0.01,0.01,0.02,-0.02,0.0,0.02,0.0,-0.01
284,McCarthy,HUL,DEF,4.0,0.1,a,EVE (H),1.0,0.03,2.99,0.05,0.05,0.12,0.57,0.12,0.12,0.11,0.12,0.1,0.08,0.01,0.01,0.02,-0.02,0.0,0.02,0.0,-0.01
623,Bentley,COV,GKP,4.0,0.6,a,NEW (H),1.0,0.04,3.22,0.0,0.0,0.11,0.57,0.11,0.12,0.12,0.11,0.11,0.08,0.0,0.0,0.03,-0.02,0.02,0.0,0.01,-0.0
344,Gruev,LEE,MID,5.0,0.0,a,ARS (A),1.0,0.02,2.58,0.06,0.08,0.1,0.56,0.1,0.11,0.11,0.11,0.12,0.09,0.0,0.01,0.0,0.0,0.0,0.0,0.01,-0.01
458,Joelinton,NEW,MID,5.4,0.0,i,COV (A),0.0,0.07,0.0,0.11,0.08,0.0,0.56,0.0,0.08,0.13,0.16,0.19,0.0,0.0,0.0,0.0,0.0,0.0,0.0,0.0,0.0
613,Ahoka,SUN,MID,4.5,0.2,a,BHA (H),1.0,0.03,2.63,0.09,0.09,0.11,0.55,0.11,0.11,0.11,0.11,0.11,0.07,0.01,0.01,0.0,0.0,0.0,0.01,0.01,-0.01
651,J.Angulo,SUN,FWD,4.5,0.7,a,BHA (H),1.0,0.02,2.32,0.31,0.05,0.11,0.54,0.11,0.11,0.11,0.11,0.11,0.07,0.03,0.01,0.0,0.0,0.0,0.0,0.01,-0.0
626,Zepa,FUL,MID,4.4,0.3,a,IPS (A),1.0,0.03,2.44,0.08,0.09,0.1,0.52,0.1,0.11,0.1,0.1,0.11,0.07,0.01,0.01,0.01,0.0,0.0,0.01,0.01,-0.01
303,Kipré,IPS,DEF,3.9,0.9,a,FUL (H),1.0,0.03,2.64,0.04,0.05,0.12,0.52,0.12,0.08,0.1,0.11,0.11,0.07,0.01,0.01,0.03,-0.01,0.0,0.01,0.0,-0.01
3,Meslier,ARS,GKP,4.9,0.0,a,LEE (H),1.0,0.03,2.17,0.0,0.0,0.1,0.52,0.1,0.1,0.11,0.1,0.11,0.05,0.0,0.0,0.04,-0.01,0.01,0.0,0.01,-0.0
513,Xavi,TOT,MID,5.9,0.0,i,MUN (A),0.0,0.04,0.0,0.16,0.18,0.0,0.52,0.0,0.07,0.11,0.16,0.17,0.0,0.0,0.0,0.0,0.0,0.0,0.0,0.0,0.0
294,Zambrano,HUL,MID,4.5,0.1,a,EVE (H),1.0,0.03,2.44,0.09,0.09,0.1,0.51,0.1,0.11,0.1,0.11,0.09,0.07,0.01,0.01,0.0,0.0,0.0,0.01,0.01,-0.01
48,Onana,AVL,MID,4.9,0.0,i,BRE (H),0.0,0.06,0.0,0.09,0.06,0.0,0.51,0.0,0.07,0.11,0.15,0.17,0.0,0.0,0.0,0.0,0.0,0.0,0.0,0.0,0.0
578,Mudryk,TOT,MID,5.3,0.0,i,MUN (A),0.0,0.01,0.0,0.12,0.11,0.0,0.51,0.0,0.07,0.11,0.15,0.17,0.0,0.0,0.0,0.0,0.0,0.0,0.0,0.0,0.0
352,Woodman,LIV,GKP,4.0,1.0,a,MCI (H),1.0,0.03,2.37,0.0,0.0,0.1,0.49,0.1,0.1,0.1,0.1,0.11,0.06,0.0,0.0,0.02,-0.01,0.03,0.0,0.0,-0.0
380,Ekitiké,LIV,FWD,7.4,0.1,i,MCI (H),0.0,0.04,0.0,0.49,0.11,0.0,0.48,0.0,0.06,0.12,0.13,0.18,0.0,0.0,0.0,0.0,0.0,0.0,0.0,0.0,0.0
189,Shepherd,COV,MID,4.4,0.3,a,NEW (H),1.0,0.02,2.27,0.08,0.09,0.1,0.48,0.1,0.09,0.1,0.1,0.09,0.06,0.01,0.01,0.0,0.0,0.0,0.01,0.01,-0.01
288,Dowell,HUL,MID,4.4,0.3,a,EVE (H),1.0,0.02,2.27,0.08,0.09,0.09,0.48,0.09,0.1,0.09,0.1,0.09,0.06,0.01,0.01,0.0,0.0,0.0,0.01,0.0,-0.01
170,Emegha,CHE,FWD,4.9,0.1,i,BOU (H),0.8,0.03,1.97,0.33,0.05,0.1,0.47,0.1,0.09,0.1,0.09,0.09,0.05,0.03,0.01,0.0,0.0,0.0,0.0,0.01,-0.0
556,Targett,HUL,DEF,4.0,1.6,d,EVE (H),0.75,0.01,1.4,0.05,0.05,0.08,0.47,0.08,0.09,0.1,0.1,0.1,0.07,0.0,0.0,0.01,-0.01,0.0,0.0,0.0,-0.0
38,A.García,AVL,DEF,4.0,1.5,a,BRE (H),1.0,0.02,2.22,0.04,0.05,0.1,0.46,0.1,0.09,0.09,0.1,0.08,0.07,0.01,0.0,0.02,-0.01,0.0,0.01,0.0,-0.0
227,Travers,EVE,GKP,5.0,0.0,a,HUL (A),1.0,0.03,2.37,0.0,0.0,0.1,0.44,0.1,0.08,0.08,0.09,0.1,0.06,0.0,0.0,0.03,-0.01,0.01,0.0,0.01,-0.0
78,Kroupi.Jr,BOU,MID,7.4,0.2,i,CHE (A),0.0,0.11,0.0,0.38,0.11,0.0,0.44,0.0,0.0,0.0,0.0,0.44,0.0,0.0,0.0,0.0,0.0,0.0,0.0,0.0,0.0
77,Adli,BOU,MID,4.9,0.0,i,CHE (A),0.0,0.02,0.0,0.17,0.12,0.0,0.44,0.0,0.06,0.1,0.13,0.15,0.0,0.0,0.0,0.0,0.0,0.0,0.0,0.0,0.0
187,Eccles,COV,MID,4.8,0.0,i,NEW (H),0.0,0.03,0.0,0.1,0.1,0.0,0.41,0.0,0.1,0.11,0.11,0.1,0.0,0.0,0.0,0.0,0.0,0.0,0.0,0.0,0.0
270,Reed,FUL,MID,4.4,1.1,a,IPS (A),1.0,0.02,1.73,0.09,0.13,0.08,0.4,0.08,0.08,0.08,0.08,0.08,0.05,0.01,0.01,0.0,0.0,0.0,0.01,0.01,-0.0
629,Zetterer,LEE,GKP,4.0,0.7,a,ARS (A),1.0,0.02,1.77,0.0,0.0,0.07,0.38,0.07,0.08,0.08,0.07,0.08,0.05,0.0,0.0,0.01,-0.01,0.02,0.0,0.0,-0.0
370,Chiesa,LIV,MID,5.3,0.0,i,MCI (H),0.0,0.01,0.0,0.21,0.13,0.0,0.36,0.0,0.05,0.09,0.1,0.13,0.0,0.0,0.0,0.0,0.0,0.0,0.0,0.0,0.0
547,Mundle,SUN,MID,4.9,0.0,i,BHA (H),0.0,0.01,0.0,0.17,0.11,0.0,0.35,0.0,0.05,0.08,0.11,0.12,0.0,0.0,0.0,0.0,0.0,0.0,0.0,0.0,0.0
663,Pivas,NEW,DEF,4.0,0.0,a,COV (A),1.0,0.02,1.75,0.05,0.05,0.08,0.35,0.08,0.07,0.07,0.07,0.07,0.04,0.01,0.0,0.02,-0.01,0.0,0.01,0.0,-0.0
660,Fredrick,BRE,DEF,4.0,0.0,a,AVL (A),1.0,0.02,1.75,0.05,0.05,0.07,0.34,0.07,0.07,0.08,0.07,0.06,0.04,0.0,0.0,0.02,-0.01,0.0,0.01,0.0,-0.0
582,Madjo,AVL,FWD,5.4,0.2,i,BRE (H),0.0,0.03,0.0,0.35,0.05,0.0,0.34,0.0,0.05,0.07,0.1,0.12,0.0,0.0,0.0,0.0,0.0,0.0,0.0,0.0,0.0
274,Butland,HUL,GKP,4.4,0.1,i,EVE (H),0.0,0.05,0.0,0.0,0.0,0.0,0.34,0.0,0.05,0.08,0.1,0.11,0.0,0.0,0.0,0.0,0.0,0.0,0.0,0.0,0.0
632,Ansah,HUL,FWD,5.0,0.0,i,EVE (H),0.0,0.03,0.0,0.33,0.05,0.0,0.33,0.0,0.05,0.08,0.11,0.1,0.0,0.0,0.0,0.0,0.0,0.0,0.0,0.0,0.0
193,Wright,COV,FWD,5.3,0.1,i,NEW (H),0.0,0.03,0.0,0.35,0.05,0.0,0.33,0.0,0.04,0.08,0.1,0.11,0.0,0.0,0.0,0.0,0.0,0.0,0.0,0.0,0.0
62,Diakité,BOU,DEF,4.9,0.2,a,CHE (A),1.0,0.02,1.76,0.02,0.03,0.06,0.32,0.06,0.07,0.05,0.07,0.07,0.04,0.0,0.0,0.01,-0.01,0.0,0.01,0.0,-0.0
355,Davies,LIV,GKP,4.0,0.2,a,MCI (H),1.0,0.01,1.46,0.0,0.0,0.06,0.31,0.06,0.06,0.06,0.06,0.07,0.05,0.0,0.0,0.01,-0.01,0.01,0.0,0.0,-0.0
302,Button,IPS,GKP,4.0,0.6,a,FUL (H),1.0,0.01,1.46,0.0,0.0,0.06,0.29,0.06,0.05,0.06,0.06,0.06,0.05,0.0,0.0,0.02,-0.01,0.01,0.0,0.0,-0.0
301,Palmer,IPS,GKP,4.0,3.9,a,FUL (H),1.0,0.01,1.46,0.0,0.0,0.06,0.29,0.06,0.05,0.06,0.06,0.06,0.05,0.0,0.0,0.02,-0.01,0.01,0.0,0.0,-0.0
273,Phillips,HUL,GKP,4.0,1.4,a,EVE (H),1.0,0.01,1.46,0.0,0.0,0.06,0.29,0.06,0.06,0.06,0.06,0.06,0.05,0.0,0.0,0.01,-0.01,0.01,0.0,0.0,-0.0
272,Kusi-Asare,FUL,FWD,4.5,5.4,a,IPS (A),1.0,0.01,1.02,0.29,0.06,0.06,0.29,0.06,0.06,0.06,0.06,0.06,0.04,0.01,0.0,0.0,0.0,0.0,0.0,0.0,-0.0
103,Dasilva,BRE,MID,4.9,0.0,i,AVL (A),0.8,0.01,1.1,0.12,0.1,0.06,0.28,0.06,0.06,0.06,0.06,0.05,0.04,0.01,0.0,0.0,0.0,0.0,0.0,0.0,-0.0
433,Ugarte,MUN,MID,5.0,0.0,i,TOT (H),0.0,0.02,0.0,0.09,0.06,0.0,0.28,0.0,0.04,0.06,0.08,0.1,0.0,0.0,0.0,0.0,0.0,0.0,0.0,0.0,0.0
561,Anselmino,CHE,DEF,4.5,0.0,a,BOU (H),1.0,0.02,1.33,0.05,0.06,0.06,0.28,0.06,0.05,0.06,0.05,0.05,0.03,0.01,0.0,0.01,-0.01,0.0,0.01,0.0,-0.0
386,Bettinelli,MCI,GKP,4.5,0.0,a,LIV (A),1.0,0.02,1.36,0.0,0.0,0.05,0.27,0.05,0.05,0.06,0.05,0.06,0.03,0.0,0.0,0.02,-0.01,0.01,0.0,0.0,-0.0
158,Gittens,CHE,MID,5.8,0.0,d,BOU (H),0.75,0.02,0.98,0.15,0.15,0.05,0.27,0.05,0.05,0.06,0.06,0.06,0.02,0.01,0.01,0.0,0.0,0.0,0.0,0.0,-0.0
590,Benda,NFO,GKP,4.5,0.1,a,CRY (A),1.0,0.02,1.36,0.0,0.0,0.05,0.27,0.05,0.05,0.06,0.05,0.05,0.03,0.0,0.0,0.02,-0.01,0.01,0.0,0.0,-0.0
228,King,EVE,GKP,4.5,0.0,a,HUL (A),1.0,0.02,1.36,0.0,0.0,0.06,0.26,0.06,0.05,0.05,0.05,0.06,0.03,0.0,0.0,0.02,-0.01,0.01,0.0,0.0,-0.0
83,Valdimarsson,BRE,GKP,4.5,0.1,a,AVL (A),1.0,0.02,1.36,0.0,0.0,0.05,0.26,0.05,0.05,0.05,0.05,0.05,0.03,0.0,0.0,0.02,-0.01,0.01,0.0,0.0,-0.0
443,Gillespie,NEW,GKP,4.5,0.0,a,COV (A),1.0,0.02,1.36,0.0,0.0,0.05,0.25,0.05,0.05,0.05,0.05,0.05,0.03,0.0,0.0,0.02,-0.01,0.01,0.0,0.0,-0.0
92,Ji-soo,BRE,DEF,4.4,0.0,a,AVL (A),1.0,0.01,1.23,0.05,0.05,0.05,0.25,0.05,0.05,0.06,0.05,0.04,0.03,0.0,0.0,0.02,-0.01,0.0,0.01,0.0,-0.0
468,John,NFO,GKP,4.5,0.1,a,CRY (A),1.0,0.02,1.36,0.0,0.0,0.05,0.25,0.05,0.05,0.05,0.04,0.05,0.03,0.0,0.0,0.02,-0.01,0.01,0.0,0.0,-0.0
117,Coppola,BHA,DEF,4.5,0.0,a,SUN (A),1.0,0.02,1.33,0.04,0.05,0.05,0.24,0.05,0.05,0.05,0.04,0.05,0.03,0.0,0.0,0.01,-0.01,0.0,0.01,0.0,-0.0
177,Kesler-Hayden,COV,DEF,3.9,0.1,i,NEW (H),0.0,0.03,0.0,0.04,0.05,0.0,0.24,0.0,0.03,0.06,0.07,0.08,0.0,0.0,0.0,0.0,0.0,0.0,0.0,0.0,0.0
180,Woolfenden,COV,DEF,3.9,0.1,i,NEW (H),0.0,0.03,0.0,0.04,0.05,0.0,0.24,0.0,0.03,0.06,0.07,0.08,0.0,0.0,0.0,0.0,0.0,0.0,0.0,0.0,0.0
21,Nørgaard,EVE,MID,4.8,0.0,i,HUL (A),0.0,0.02,0.0,0.1,0.09,0.0,0.23,0.0,0.03,0.05,0.07,0.08,0.0,0.0,0.0,0.0,0.0,0.0,0.0,0.0,0.0
510,Rowswell,TOT,DEF,4.0,0.1,a,MUN (A),1.0,0.01,1.07,0.05,0.05,0.04,0.23,0.04,0.06,0.04,0.05,0.04,0.03,0.0,0.0,0.0,-0.01,0.0,0.0,0.0,-0.0
291,Matazo,HUL,MID,4.5,0.0,i,EVE (H),0.0,0.03,0.0,0.09,0.09,0.0,0.23,0.0,0.03,0.05,0.07,0.07,0.0,0.0,0.0,0.0,0.0,0.0,0.0,0.0,0.0
278,Hughes,HUL,DEF,3.9,0.2,i,EVE (H),0.0,0.03,0.0,0.04,0.05,0.0,0.22,0.0,0.03,0.05,0.07,0.07,0.0,0.0,0.0,0.0,0.0,0.0,0.0,0.0,0.0
312,Taylor,IPS,MID,4.4,0.0,i,FUL (H),0.0,0.02,0.0,0.08,0.09,0.0,0.21,0.0,0.03,0.05,0.07,0.07,0.0,0.0,0.0,0.0,0.0,0.0,0.0,0.0,0.0
560,Penders,CHE,GKP,4.4,0.1,a,BOU (H),1.0,0.01,1.15,0.0,0.0,0.04,0.21,0.04,0.04,0.05,0.04,0.04,0.03,0.0,0.0,0.01,-0.01,0.01,0.0,0.0,-0.0
438,Fletcher,MUN,MID,4.4,0.3,a,TOT (H),1.0,0.01,0.85,0.08,0.09,0.04,0.2,0.04,0.04,0.04,0.04,0.04,0.03,0.0,0.0,0.0,0.0,0.0,0.0,0.0,-0.0
524,Olusesi,TOT,MID,4.4,1.0,a,MUN (A),1.0,0.01,0.85,0.08,0.09,0.04,0.2,0.04,0.04,0.04,0.04,0.04,0.03,0.0,0.0,0.0,0.0,0.0,0.0,0.0,-0.0
416,De Ligt,MUN,DEF,4.9,0.0,i,TOT (H),0.0,0.02,0.0,0.09,0.06,0.0,0.18,0.0,0.02,0.04,0.05,0.07,0.0,0.0,0.0,0.0,0.0,0.0,0.0,0.0,0.0
521,Kulusevski,TOT,MID,6.5,0.0,i,MUN (A),0.0,0.02,0.0,0.18,0.14,0.0,0.18,0.0,0.03,0.04,0.06,0.06,0.0,0.0,0.0,0.0,0.0,0.0,0.0,0.0,0.0
657,Nunes,BRE,MID,4.5,0.0,a,AVL (A),1.0,0.01,0.94,0.09,0.09,0.04,0.18,0.04,0.04,0.04,0.04,0.03,0.02,0.0,0.0,0.0,0.0,0.0,0.0,0.0,-0.0
550,Jocelin.T,SUN,MID,5.0,0.0,a,BHA (H),1.0,0.01,0.89,0.11,0.11,0.04,0.18,0.04,0.04,0.04,0.04,0.04,0.02,0.0,0.0,0.0,0.0,0.0,0.0,0.0,-0.0
63,Milosavljević,BOU,DEF,4.9,0.0,i,CHE (A),0.0,0.02,0.0,0.05,0.06,0.0,0.17,0.0,0.02,0.03,0.05,0.06,0.0,0.0,0.0,0.0,0.0,0.0,0.0,0.0,0.0
434,J.Fletcher,MUN,MID,4.9,0.0,a,TOT (H),1.0,0.01,0.84,0.1,0.09,0.04,0.17,0.04,0.03,0.03,0.03,0.04,0.02,0.01,0.0,0.0,0.0,0.0,0.0,0.0,-0.0
424,Amass,MUN,DEF,4.0,0.2,a,TOT (H),1.0,0.01,0.8,0.05,0.05,0.04,0.16,0.04,0.03,0.03,0.03,0.03,0.02,0.0,0.0,0.01,-0.0,0.0,0.0,0.0,-0.0
360,Bradley,LIV,DEF,5.0,0.0,i,MCI (H),0.0,0.02,0.0,0.04,0.07,0.0,0.16,0.0,0.02,0.03,0.04,0.06,0.0,0.0,0.0,0.0,0.0,0.0,0.0,0.0,0.0
374,Endo,LIV,MID,4.9,0.1,a,MCI (H),1.0,0.01,0.84,0.09,0.09,0.03,0.16,0.03,0.03,0.03,0.03,0.03,0.02,0.0,0.0,0.0,0.0,0.0,0.0,0.0,-0.0
218,Doucouré,CRY,MID,4.8,0.0,a,NFO (H),1.0,0.01,0.79,0.1,0.1,0.03,0.16,0.03,0.03,0.03,0.03,0.03,0.02,0.0,0.0,0.0,0.0,0.0,0.0,0.0,-0.0
476,O.Richards,NFO,DEF,4.0,0.2,a,CRY (A),1.0,0.01,0.8,0.05,0.05,0.03,0.16,0.03,0.03,0.03,0.03,0.03,0.02,0.0,0.0,0.01,-0.0,0.0,0.0,0.0,-0.0
603,Lienou,LEE,DEF,4.0,0.1,a,ARS (A),1.0,0.01,0.8,0.05,0.05,0.03,0.15,0.03,0.03,0.03,0.03,0.04,0.02,0.0,0.0,0.01,-0.01,0.0,0.0,0.0,-0.0
654,Graham,EVE,MID,4.5,0.1,a,HUL (A),1.0,0.01,0.77,0.09,0.09,0.03,0.15,0.03,0.03,0.03,0.03,0.03,0.02,0.0,0.0,0.0,0.0,0.0,0.0,0.0,-0.0
361,Lucky,LIV,DEF,4.0,0.1,a,MCI (H),1.0,0.01,0.8,0.05,0.05,0.03,0.15,0.03,0.03,0.03,0.03,0.04,0.02,0.0,0.0,0.01,-0.01,0.0,0.0,0.0,-0.0
509,Byfield,TOT,DEF,4.0,0.1,a,MUN (A),1.0,0.01,0.8,0.05,0.05,0.02,0.15,0.02,0.04,0.03,0.03,0.03,0.02,0.0,0.0,0.0,-0.01,0.0,0.0,0.0,-0.0
66,Soler,BOU,DEF,4.0,0.3,a,CHE (A),1.0,0.01,0.8,0.04,0.05,0.03,0.15,0.03,0.03,0.02,0.03,0.03,0.02,0.0,0.0,0.01,-0.01,0.0,0.0,0.0,-0.0
661,Balcombe,BRE,GKP,4.0,0.0,a,AVL (A),1.0,0.01,0.74,0.0,0.0,0.03,0.15,0.03,0.03,0.03,0.03,0.03,0.02,0.0,0.0,0.01,-0.0,0.01,0.0,0.0,-0.0
606,Rowe,AVL,DEF,4.0,0.2,a,BRE (H),1.0,0.01,0.8,0.05,0.05,0.03,0.14,0.03,0.03,0.03,0.03,0.02,0.02,0.0,0.0,0.01,-0.0,0.0,0.0,0.0,-0.0
354,Jaros,LIV,GKP,4.0,0.0,i,MCI (H),0.0,0.01,0.0,0.0,0.0,0.0,0.14,0.0,0.02,0.03,0.04,0.05,0.0,0.0,0.0,0.0,0.0,0.0,0.0,0.0,0.0
508,Davies,TOT,DEF,3.9,0.9,a,MUN (A),1.0,0.01,0.69,0.09,0.05,0.02,0.14,0.02,0.04,0.02,0.03,0.03,0.02,0.0,0.0,0.0,-0.01,0.0,0.0,0.0,-0.0
667,Wright,AVL,GKP,4.0,0.1,a,BRE (H),1.0,0.01,0.74,0.0,0.0,0.03,0.13,0.03,0.03,0.03,0.03,0.02,0.02,0.0,0.0,0.01,-0.0,0.01,0.0,0.0,-0.0
601,Williams-Barnett,TOT,MID,4.5,0.1,a,MUN (A),1.0,0.01,0.63,0.09,0.09,0.02,0.12,0.02,0.03,0.02,0.03,0.02,0.01,0.0,0.0,0.0,0.0,0.0,0.0,0.0,-0.0
50,Burrowes,AVL,MID,4.5,0.6,a,BRE (H),1.0,0.01,0.63,0.09,0.09,0.02,0.12,0.02,0.03,0.02,0.03,0.02,0.01,0.0,0.0,0.0,0.0,0.0,0.0,0.0,-0.0
604,Cresswell,LEE,MID,4.5,0.1,a,ARS (A),1.0,0.01,0.63,0.09,0.09,0.02,0.12,0.02,0.02,0.02,0.02,0.03,0.01,0.0,0.0,0.0,0.0,0.0,0.0,0.0,-0.0
134,Oriola,BHA,MID,4.5,0.2,a,SUN (A),1.0,0.01,0.63,0.09,0.09,0.02,0.12,0.02,0.02,0.02,0.02,0.02,0.01,0.0,0.0,0.0,0.0,0.0,0.0,0.0,-0.0
517,Odobert,TOT,MID,5.5,0.0,i,MUN (A),0.0,0.01,0.0,0.16,0.11,0.0,0.12,0.0,0.02,0.03,0.04,0.04,0.0,0.0,0.0,0.0,0.0,0.0,0.0,0.0,0.0
139,Ferguson,BHA,FWD,5.0,0.0,i,SUN (A),0.8,0.01,0.55,0.33,0.05,0.02,0.11,0.02,0.02,0.02,0.02,0.02,0.01,0.01,0.0,0.0,0.0,0.0,0.0,0.0,-0.0
437,Bendito Mantato,MUN,MID,4.4,0.2,a,TOT (H),1.0,0.01,0.58,0.08,0.09,0.02,0.11,0.02,0.02,0.02,0.02,0.02,0.01,0.0,0.0,0.0,0.0,0.0,0.0,0.0,-0.0
221,Drakes-Thomas,CRY,MID,4.4,0.1,a,NFO (H),1.0,0.01,0.58,0.08,0.09,0.02,0.11,0.02,0.02,0.02,0.02,0.02,0.01,0.0,0.0,0.0,0.0,0.0,0.0,0.0,-0.0
378,McConnell,LIV,MID,4.4,0.2,a,MCI (H),1.0,0.01,0.58,0.08,0.09,0.02,0.11,0.02,0.02,0.02,0.02,0.02,0.01,0.0,0.0,0.0,0.0,0.0,0.0,0.0,-0.0
65,J.Araujo,BOU,DEF,4.4,0.0,i,CHE (A),0.0,0.01,0.0,0.05,0.05,0.0,0.11,0.0,0.02,0.02,0.03,0.04,0.0,0.0,0.0,0.0,0.0,0.0,0.0,0.0,0.0
475,Savona,NFO,DEF,4.5,0.0,i,CRY (A),0.0,0.02,0.0,0.09,0.05,0.0,0.11,0.0,0.01,0.03,0.03,0.04,0.0,0.0,0.0,0.0,0.0,0.0,0.0,0.0,0.0
382,Danns,LIV,FWD,4.5,0.2,a,MCI (H),1.0,0.01,0.47,0.31,0.05,0.02,0.09,0.02,0.02,0.02,0.02,0.02,0.01,0.0,0.0,0.0,0.0,0.0,0.0,0.0,-0.0
107,Furo,BRE,FWD,4.5,0.9,i,AVL (A),0.0,0.01,0.0,0.31,0.05,0.0,0.09,0.0,0.01,0.02,0.03,0.03,0.0,0.0,0.0,0.0,0.0,0.0,0.0,0.0,0.0
137,Tzimas,BHA,FWD,5.4,0.0,i,SUN (A),0.0,0.01,0.0,0.34,0.06,0.0,0.08,0.0,0.01,0.02,0.02,0.03,0.0,0.0,0.0,0.0,0.0,0.0,0.0,0.0,0.0
99,Milambo,BRE,MID,5.0,0.0,i,AVL (A),0.0,0.01,0.0,0.11,0.1,0.0,0.08,0.0,0.01,0.02,0.02,0.03,0.0,0.0,0.0,0.0,0.0,0.0,0.0,0.0,0.0
625,Cairns,LEE,GKP,4.0,0.2,a,ARS (A),1.0,0.0,0.37,0.0,0.0,0.01,0.07,0.01,0.01,0.01,0.01,0.02,0.01,0.0,0.0,0.0,-0.0,0.0,0.0,0.0,-0.0
363,Leoni,LIV,DEF,4.0,0.0,i,MCI (H),0.0,0.01,0.0,0.05,0.05,0.0,0.07,0.0,0.01,0.02,0.02,0.03,0.0,0.0,0.0,0.0,0.0,0.0,0.0,0.0,0.0
251,Lecomte,FUL,GKP,4.0,1.1,a,IPS (A),1.0,0.0,0.34,0.0,0.0,0.01,0.07,0.01,0.01,0.01,0.01,0.01,0.01,0.0,0.0,0.0,-0.0,0.0,0.0,0.0,-0.0
495,Austin,TOT,GKP,4.0,1.0,a,MUN (A),1.0,0.0,0.34,0.0,0.0,0.01,0.06,0.01,0.02,0.01,0.01,0.01,0.01,0.0,0.0,0.0,-0.0,0.01,0.0,0.0,-0.0
58,Forster,BOU,GKP,4.0,3.5,a,CHE (A),1.0,0.0,0.34,0.0,0.0,0.01,0.06,0.01,0.01,0.01,0.01,0.01,0.01,0.0,0.0,0.0,-0.0,0.0,0.0,0.0,-0.0
111,Steele,BHA,GKP,4.0,4.1,a,SUN (A),1.0,0.0,0.34,0.0,0.0,0.01,0.06,0.01,0.01,0.01,0.01,0.01,0.01,0.0,0.0,0.0,-0.0,0.0,0.0,0.0,-0.0
555,Matthews,CRY,GKP,4.0,1.7,a,NFO (H),1.0,0.0,0.34,0.0,0.0,0.01,0.06,0.01,0.01,0.01,0.01,0.01,0.01,0.0,0.0,0.0,-0.0,0.0,0.0,0.0,-0.0
